id,given_name,family_name,name,image,identifiers,sources,memberships
nrsr:person:1190,Rastislav,Krátky,Rastislav Krátky,https://www.nrsr.sk/web/dynamic/PoslanecPhoto.aspx?PoslanecID=1190&ImageWidth=140,"[{""scheme"": ""nrsr"", ""identifier"": ""1190""}]","[{""url"": ""https://www.nrsr.sk/web/Default.aspx?sid=poslanci/poslanec&PoslanecID=1190""}]","{""parliament"": [{""id"": ""nrsr:org:13"", ""name"": ""Národná rada Slovenskej republiky"", ""start_date"": ""2023-10-25"", ""end_date"": """"}], ""groups"": [{""id"": ""nrsr:org:club:3"", ""name"": ""Klub KDH"", ""start_date"": ""2023-10-25"", ""end_date"": """"}]}"
nrsr:person:1126,Tina,Gažovičová,Tina Gažovičová,https://www.nrsr.sk/web/dynamic/PoslanecPhoto.aspx?PoslanecID=1126&ImageWidth=140,"[{""scheme"": ""nrsr"", ""identifier"": ""1126""}]","[{""url"": ""https://www.nrsr.sk/web/Default.aspx?sid=poslanci/poslanec&PoslanecID=1126""}]","{""parliament"": [{""id"": ""nrsr:org:13"", ""name"": ""Národná rada Slovenskej republiky"", ""start_date"": ""2023-10-25"", ""end_date"": """"}], ""groups"": [{""id"": ""nrsr:org:club:4"", ""name"": ""Klub PS"", ""start_date"": ""2023-10-25"", ""end_date"": """"}]}"
nrsr:person:1131,Ondrej,Prostredník,Ondrej Prostredník,https://www.nrsr.sk/web/dynamic/PoslanecPhoto.aspx?PoslanecID=1131&ImageWidth=140,"[{""scheme"": ""nrsr"", ""identifier"": ""1131""}]","[{""url"": ""https://www.nrsr.sk/web/Default.aspx?sid=poslanci/poslanec&PoslanecID=1131""}]","{""parliament"": [{""id"": ""nrsr:org:13"", ""name"": ""Národná rada Slovenskej republiky"", ""start_date"": ""2023-10-25"", ""end_date"": """"}], ""groups"": [{""id"": ""nrsr:org:club:4"", ""name"": ""Klub PS"", ""start_date"": ""2023-10-25"", ""end_date"": """"}]}"
nrsr:person:1196,Alena,Nováková,Alena Nováková,https://www.nrsr.sk/web/dynamic/PoslanecPhoto.aspx?PoslanecID=1196&ImageWidth=140,"[{""scheme"": ""nrsr"", ""identifier"": ""1196""}]","[{""url"": ""https://www.nrsr.sk/web/Default.aspx?sid=poslanci/poslanec&PoslanecID=1196""}]","{""parliament"": [{""id"": ""nrsr:org:13"", ""name"": ""Národná rada Slovenskej republiky"", ""start_date"": ""2023-10-25"", ""end_date"": """"}], ""groups"": [{""id"": ""nrsr:org:club:1"", ""name"": ""Klub HLAS - SD"", ""start_date"": ""2023-10-25"", ""end_date"": """"}]}"
nrsr:person:1117,Jaroslav,Spišiak,Jaroslav Spišiak,https://www.nrsr.sk/web/dynamic/PoslanecPhoto.aspx?PoslanecID=1117&ImageWidth=140,"[{""scheme"": ""nrsr"", ""identifier"": ""1117""}]","[{""url"": ""https://www.nrsr.sk/web/Default.aspx?sid=poslanci/poslanec&PoslanecID=1117""}]","{""parliament"": [{""id"": ""nrsr:org:13"", ""name"": ""Národná rada Slovenskej republiky"", ""start_date"": ""2023-10-25"", ""end_date"": """"}], ""groups"": [{""id"": ""nrsr:org:club:4"", ""name"": ""Klub PS"", ""start_date"": ""2023-10-25"", ""end_date"": """"}]}"
nrsr:person:1177,Igor,Šimko,Igor Šimko,https://www.nrsr.sk/web/dynamic/PoslanecPhoto.aspx?PoslanecID=1177&ImageWidth=140,"[{""scheme"": ""nrsr"", ""identifier"": ""1177""}]","[{""url"": ""https://www.nrsr.sk/web/Default.aspx?sid=poslanci/poslanec&PoslanecID=1177""}]","{""parliament"": [{""id"": ""nrsr:org:13"", ""name"": ""Národná rada Slovenskej republiky"", ""start_date"": ""2023-10-25"", ""end_date"": """"}], ""groups"": [{""id"": ""nrsr:org:club:1"", ""name"": ""Klub HLAS - SD"", ""start_date"": ""2023-10-25"", ""end_date"": """"}]}"
nrsr:person:929,Andrej,Danko,Andrej Danko,https://www.nrsr.sk/web/dynamic/PoslanecPhoto.aspx?PoslanecID=929&ImageWidth=140,"[{""scheme"": ""nrsr"", ""identifier"": ""929""}]","[{""url"": ""https://www.nrsr.sk/web/Default.aspx?sid=poslanci/poslanec&PoslanecID=929""}]","{""parliament"": [{""id"": ""nrsr:org:13"", ""name"": ""Národná rada Slovenskej republiky"", ""start_date"": ""2023-10-25"", ""end_date"": """"}], ""groups"": [{""id"": ""nrsr:org:club:10"", ""name"": ""Klub SNS"", ""start_date"": ""2023-10-25"", ""end_date"": """"}]}"
nrsr:person:761,Richard,Raši,Richard Raši,https://www.nrsr.sk/web/dynamic/PoslanecPhoto.aspx?PoslanecID=761&ImageWidth=140,"[{""scheme"": ""nrsr"", ""identifier"": ""761""}]","[{""url"": ""https://www.nrsr.sk/web/Default.aspx?sid=poslanci/poslanec&PoslanecID=761""}]","{""parliament"": [{""id"": ""nrsr:org:13"", ""name"": ""Národná rada Slovenskej republiky"", ""start_date"": ""2023-10-25"", ""end_date"": """"}], ""groups"": [{""id"": ""nrsr:org:club:1"", ""name"": ""Klub HLAS - SD"", ""start_date"": ""2023-10-25"", ""end_date"": """"}]}"
nrsr:person:785,Ľubomír,Galko,Ľubomír Galko,https://www.nrsr.sk/web/dynamic/PoslanecPhoto.aspx?PoslanecID=785&ImageWidth=140,"[{""scheme"": ""nrsr"", ""identifier"": ""785""}]","[{""url"": ""https://www.nrsr.sk/web/Default.aspx?sid=poslanci/poslanec&PoslanecID=785""}]","{""parliament"": [{""id"": ""nrsr:org:13"", ""name"": ""Národná rada Slovenskej republiky"", ""start_date"": ""2023-10-25"", ""end_date"": """"}], ""groups"": [{""id"": ""nrsr:org:club:6"", ""name"": ""Klub SLOVENSKO"", ""start_date"": ""2023-10-25"", ""end_date"": """"}]}"
nrsr:person:1142,Ján,Hargaš,Ján Hargaš,https://www.nrsr.sk/web/dynamic/PoslanecPhoto.aspx?PoslanecID=1142&ImageWidth=140,"[{""scheme"": ""nrsr"", ""identifier"": ""1142""}]","[{""url"": ""https://www.nrsr.sk/web/Default.aspx?sid=poslanci/poslanec&PoslanecID=1142""}]","{""parliament"": [{""id"": ""nrsr:org:13"", ""name"": ""Národná rada Slovenskej republiky"", ""start_date"": ""2023-10-25"", ""end_date"": """"}], ""groups"": [{""id"": ""nrsr:org:club:4"", ""name"": ""Klub PS"", ""start_date"": ""2023-10-25"", ""end_date"": """"}]}"
nrsr:person:1025,Mária,Kolíková,Mária Kolíková,https://www.nrsr.sk/web/dynamic/PoslanecPhoto.aspx?PoslanecID=1025&ImageWidth=140,"[{""scheme"": ""nrsr"", ""identifier"": ""1025""}]","[{""url"": ""https://www.nrsr.sk/web/Default.aspx?sid=poslanci/poslanec&PoslanecID=1025""}]","{""parliament"": [{""id"": ""nrsr:org:13"", ""name"": ""Národná rada Slovenskej republiky"", ""start_date"": ""2023-10-25"", ""end_date"": """"}], ""groups"": [{""id"": ""nrsr:org:club:11"", ""name"": ""Klub SaS"", ""start_date"": ""2023-10-25"", ""end_date"": """"}]}"
nrsr:person:738,Pavol,Goga,Pavol Goga,https://www.nrsr.sk/web/dynamic/PoslanecPhoto.aspx?PoslanecID=738&ImageWidth=140,"[{""scheme"": ""nrsr"", ""identifier"": ""738""}]","[{""url"": ""https://www.nrsr.sk/web/Default.aspx?sid=poslanci/poslanec&PoslanecID=738""}]","{""parliament"": [{""id"": ""nrsr:org:13"", ""name"": ""Národná rada Slovenskej republiky"", ""start_date"": ""2023-10-25"", ""end_date"": """"}], ""groups"": [{""id"": ""nrsr:org:club:8"", ""name"": ""Klub SMER - SD"", ""start_date"": ""2023-10-25"", ""end_date"": """"}]}"
nrsr:person:1222,Gréta,Gregorová,Gréta Gregorová,https://www.nrsr.sk/web/dynamic/PoslanecPhoto.aspx?PoslanecID=1222&ImageWidth=140,"[{""scheme"": ""nrsr"", ""identifier"": ""1222""}]","[{""url"": ""https://www.nrsr.sk/web/Default.aspx?sid=poslanci/poslanec&PoslanecID=1222""}]","{""parliament"": [{""id"": ""nrsr:org:13"", ""name"": ""Národná rada Slovenskej republiky"", ""start_date"": ""2023-10-25"", ""end_date"": """"}], ""groups"": [{""id"": ""nrsr:org:club:4"", ""name"": ""Klub PS"", ""start_date"": ""2023-10-25"", ""end_date"": """"}]}"
nrsr:person:1200,Boleslav,Lešo,Boleslav Lešo,https://www.nrsr.sk/web/dynamic/PoslanecPhoto.aspx?PoslanecID=1200&ImageWidth=140,"[{""scheme"": ""nrsr"", ""identifier"": ""1200""}]","[{""url"": ""https://www.nrsr.sk/web/Default.aspx?sid=poslanci/poslanec&PoslanecID=1200""}]","{""parliament"": [{""id"": ""nrsr:org:13"", ""name"": ""Národná rada Slovenskej republiky"", ""start_date"": ""2023-10-25"", ""end_date"": """"}], ""groups"": [{""id"": ""nrsr:org:club:8"", ""name"": ""Klub SMER - SD"", ""start_date"": ""2023-10-25"", ""end_date"": """"}]}"
nrsr:person:1223,Vladimír,Macášek,Vladimír Macášek,https://www.nrsr.sk/web/dynamic/PoslanecPhoto.aspx?PoslanecID=1223&ImageWidth=140,"[{""scheme"": ""nrsr"", ""identifier"": ""1223""}]","[{""url"": ""https://www.nrsr.sk/web/Default.aspx?sid=poslanci/poslanec&PoslanecID=1223""}]","{""parliament"": [{""id"": ""nrsr:org:13"", ""name"": ""Národná rada Slovenskej republiky"", ""start_date"": ""2023-10-25"", ""end_date"": """"}], ""groups"": [{""id"": ""nrsr:org:club:8"", ""name"": ""Klub SMER - SD"", ""start_date"": ""2023-10-25"", ""end_date"": """"}]}"
nrsr:person:1217,Andrea,Szabóová,Andrea Szabóová,https://www.nrsr.sk/web/dynamic/PoslanecPhoto.aspx?PoslanecID=1217&ImageWidth=140,"[{""scheme"": ""nrsr"", ""identifier"": ""1217""}]","[{""url"": ""https://www.nrsr.sk/web/Default.aspx?sid=poslanci/poslanec&PoslanecID=1217""}]","{""parliament"": [{""id"": ""nrsr:org:13"", ""name"": ""Národná rada Slovenskej republiky"", ""start_date"": ""2023-10-25"", ""end_date"": """"}], ""groups"": [{""id"": ""nrsr:org:club:1"", ""name"": ""Klub HLAS - SD"", ""start_date"": ""2023-10-25"", ""end_date"": """"}]}"
nrsr:person:1009,Jozef,Habánik,Jozef Habánik,https://www.nrsr.sk/web/dynamic/PoslanecPhoto.aspx?PoslanecID=1009&ImageWidth=140,"[{""scheme"": ""nrsr"", ""identifier"": ""1009""}]","[{""url"": ""https://www.nrsr.sk/web/Default.aspx?sid=poslanci/poslanec&PoslanecID=1009""}]","{""parliament"": [{""id"": ""nrsr:org:13"", ""name"": ""Národná rada Slovenskej republiky"", ""start_date"": ""2023-10-25"", ""end_date"": """"}], ""groups"": [{""id"": ""nrsr:org:club:8"", ""name"": ""Klub SMER - SD"", ""start_date"": ""2023-10-25"", ""end_date"": """"}]}"
nrsr:person:962,Simona,Petrík,Simona Petrík,https://www.nrsr.sk/web/dynamic/PoslanecPhoto.aspx?PoslanecID=962&ImageWidth=140,"[{""scheme"": ""nrsr"", ""identifier"": ""962""}]","[{""url"": ""https://www.nrsr.sk/web/Default.aspx?sid=poslanci/poslanec&PoslanecID=962""}]","{""parliament"": [{""id"": ""nrsr:org:13"", ""name"": ""Národná rada Slovenskej republiky"", ""start_date"": ""2023-10-25"", ""end_date"": """"}], ""groups"": [{""id"": ""nrsr:org:club:4"", ""name"": ""Klub PS"", ""start_date"": ""2023-10-25"", ""end_date"": """"}]}"
nrsr:person:1088,Peter,Pollák,Peter Pollák,https://www.nrsr.sk/web/dynamic/PoslanecPhoto.aspx?PoslanecID=1088&ImageWidth=140,"[{""scheme"": ""nrsr"", ""identifier"": ""1088""}]","[{""url"": ""https://www.nrsr.sk/web/Default.aspx?sid=poslanci/poslanec&PoslanecID=1088""}]","{""parliament"": [{""id"": ""nrsr:org:13"", ""name"": ""Národná rada Slovenskej republiky"", ""start_date"": ""2023-10-25"", ""end_date"": """"}], ""groups"": [{""id"": ""nrsr:org:club:6"", ""name"": ""Klub SLOVENSKO"", ""start_date"": ""2023-10-25"", ""end_date"": """"}]}"
nrsr:person:1213,Richard,Dubovický,Richard Dubovický,https://www.nrsr.sk/web/dynamic/PoslanecPhoto.aspx?PoslanecID=1213&ImageWidth=140,"[{""scheme"": ""nrsr"", ""identifier"": ""1213""}]","[{""url"": ""https://www.nrsr.sk/web/Default.aspx?sid=poslanci/poslanec&PoslanecID=1213""}]","{""parliament"": [{""id"": ""nrsr:org:13"", ""name"": ""Národná rada Slovenskej republiky"", ""start_date"": ""2023-10-25"", ""end_date"": """"}], ""groups"": [{""id"": ""nrsr:org:club:4"", ""name"": ""Klub PS"", ""start_date"": ""2023-10-25"", ""end_date"": """"}]}"
nrsr:person:1158,Daniel,Karas,Daniel Karas,https://www.nrsr.sk/web/dynamic/PoslanecPhoto.aspx?PoslanecID=1158&ImageWidth=140,"[{""scheme"": ""nrsr"", ""identifier"": ""1158""}]","[{""url"": ""https://www.nrsr.sk/web/Default.aspx?sid=poslanci/poslanec&PoslanecID=1158""}]","{""parliament"": [{""id"": ""nrsr:org:13"", ""name"": ""Národná rada Slovenskej republiky"", ""start_date"": ""2023-10-25"", ""end_date"": """"}], ""groups"": [{""id"": ""nrsr:org:club:8"", ""name"": ""Klub SMER - SD"", ""start_date"": ""2023-10-25"", ""end_date"": """"}]}"
nrsr:person:861,Richard,Vašečka,Richard Vašečka,https://www.nrsr.sk/web/dynamic/PoslanecPhoto.aspx?PoslanecID=861&ImageWidth=140,"[{""scheme"": ""nrsr"", ""identifier"": ""861""}]","[{""url"": ""https://www.nrsr.sk/web/Default.aspx?sid=poslanci/poslanec&PoslanecID=861""}]","{""parliament"": [{""id"": ""nrsr:org:13"", ""name"": ""Národná rada Slovenskej republiky"", ""start_date"": ""2023-10-25"", ""end_date"": """"}], ""groups"": [{""id"": ""nrsr:org:club:6"", ""name"": ""Klub SLOVENSKO"", ""start_date"": ""2023-10-25"", ""end_date"": """"}]}"
nrsr:person:1146,Anežka,Škopová,Anežka Škopová,https://www.nrsr.sk/web/dynamic/PoslanecPhoto.aspx?PoslanecID=1146&ImageWidth=140,"[{""scheme"": ""nrsr"", ""identifier"": ""1146""}]","[{""url"": ""https://www.nrsr.sk/web/Default.aspx?sid=poslanci/poslanec&PoslanecID=1146""}]","{""parliament"": [{""id"": ""nrsr:org:13"", ""name"": ""Národná rada Slovenskej republiky"", ""start_date"": ""2023-10-25"", ""end_date"": """"}], ""groups"": [{""id"": ""nrsr:org:club:6"", ""name"": ""Klub SLOVENSKO"", ""start_date"": ""2023-10-25"", ""end_date"": """"}]}"
nrsr:person:1179,Marián,Čaučík,Marián Čaučík,https://www.nrsr.sk/web/dynamic/PoslanecPhoto.aspx?PoslanecID=1179&ImageWidth=140,"[{""scheme"": ""nrsr"", ""identifier"": ""1179""}]","[{""url"": ""https://www.nrsr.sk/web/Default.aspx?sid=poslanci/poslanec&PoslanecID=1179""}]","{""parliament"": [{""id"": ""nrsr:org:13"", ""name"": ""Národná rada Slovenskej republiky"", ""start_date"": ""2023-10-25"", ""end_date"": """"}], ""groups"": [{""id"": ""nrsr:org:club:3"", ""name"": ""Klub KDH"", ""start_date"": ""2023-10-25"", ""end_date"": """"}]}"
nrsr:person:1163,Justín,Sedlák,Justín Sedlák,https://www.nrsr.sk/web/dynamic/PoslanecPhoto.aspx?PoslanecID=1163&ImageWidth=140,"[{""scheme"": ""nrsr"", ""identifier"": ""1163""}]","[{""url"": ""https://www.nrsr.sk/web/Default.aspx?sid=poslanci/poslanec&PoslanecID=1163""}]","{""parliament"": [{""id"": ""nrsr:org:13"", ""name"": ""Národná rada Slovenskej republiky"", ""start_date"": ""2023-10-25"", ""end_date"": """"}], ""groups"": [{""id"": ""nrsr:org:club:8"", ""name"": ""Klub SMER - SD"", ""start_date"": ""2023-10-25"", ""end_date"": """"}]}"
nrsr:person:1191,Andrej,Sitkár,Andrej Sitkár,https://www.nrsr.sk/web/dynamic/PoslanecPhoto.aspx?PoslanecID=1191&ImageWidth=140,"[{""scheme"": ""nrsr"", ""identifier"": ""1191""}]","[{""url"": ""https://www.nrsr.sk/web/Default.aspx?sid=poslanci/poslanec&PoslanecID=1191""}]","{""parliament"": [{""id"": ""nrsr:org:13"", ""name"": ""Národná rada Slovenskej republiky"", ""start_date"": ""2023-10-25"", ""end_date"": """"}], ""groups"": [{""id"": ""nrsr:org:club:8"", ""name"": ""Klub SMER - SD"", ""start_date"": ""2023-10-25"", ""end_date"": """"}]}"
nrsr:person:862,Branislav,Škripek,Branislav Škripek,https://www.nrsr.sk/web/dynamic/PoslanecPhoto.aspx?PoslanecID=862&ImageWidth=140,"[{""scheme"": ""nrsr"", ""identifier"": ""862""}]","[{""url"": ""https://www.nrsr.sk/web/Default.aspx?sid=poslanci/poslanec&PoslanecID=862""}]","{""parliament"": [{""id"": ""nrsr:org:13"", ""name"": ""Národná rada Slovenskej republiky"", ""start_date"": ""2023-10-25"", ""end_date"": """"}], ""groups"": [{""id"": ""nrsr:org:club:3"", ""name"": ""Klub KDH"", ""start_date"": ""2023-10-25"", ""end_date"": """"}]}"
nrsr:person:1218,Jozef,Kačmár,Jozef Kačmár,https://www.nrsr.sk/web/dynamic/PoslanecPhoto.aspx?PoslanecID=1218&ImageWidth=140,"[{""scheme"": ""nrsr"", ""identifier"": ""1218""}]","[{""url"": ""https://www.nrsr.sk/web/Default.aspx?sid=poslanci/poslanec&PoslanecID=1218""}]","{""parliament"": [{""id"": ""nrsr:org:13"", ""name"": ""Národná rada Slovenskej republiky"", ""start_date"": ""2023-10-25"", ""end_date"": """"}], ""groups"": [{""id"": ""nrsr:org:club:8"", ""name"": ""Klub SMER - SD"", ""start_date"": ""2023-10-25"", ""end_date"": """"}]}"
nrsr:person:930,Dušan,Tittel,Dušan Tittel,https://www.nrsr.sk/web/dynamic/PoslanecPhoto.aspx?PoslanecID=930&ImageWidth=140,"[{""scheme"": ""nrsr"", ""identifier"": ""930""}]","[{""url"": ""https://www.nrsr.sk/web/Default.aspx?sid=poslanci/poslanec&PoslanecID=930""}]","{""parliament"": [{""id"": ""nrsr:org:13"", ""name"": ""Národná rada Slovenskej republiky"", ""start_date"": ""2023-10-25"", ""end_date"": """"}], ""groups"": [{""id"": ""nrsr:org:club:1"", ""name"": ""Klub HLAS - SD"", ""start_date"": ""2023-10-25"", ""end_date"": """"}]}"
nrsr:person:966,Karol,Galek,Karol Galek,https://www.nrsr.sk/web/dynamic/PoslanecPhoto.aspx?PoslanecID=966&ImageWidth=140,"[{""scheme"": ""nrsr"", ""identifier"": ""966""}]","[{""url"": ""https://www.nrsr.sk/web/Default.aspx?sid=poslanci/poslanec&PoslanecID=966""}]","{""parliament"": [{""id"": ""nrsr:org:13"", ""name"": ""Národná rada Slovenskej republiky"", ""start_date"": ""2023-10-25"", ""end_date"": """"}], ""groups"": [{""id"": ""nrsr:org:club:11"", ""name"": ""Klub SaS"", ""start_date"": ""2023-10-25"", ""end_date"": """"}]}"
nrsr:person:1216,Dávid,Demečko,Dávid Demečko,https://www.nrsr.sk/web/dynamic/PoslanecPhoto.aspx?PoslanecID=1216&ImageWidth=140,"[{""scheme"": ""nrsr"", ""identifier"": ""1216""}]","[{""url"": ""https://www.nrsr.sk/web/Default.aspx?sid=poslanci/poslanec&PoslanecID=1216""}]","{""parliament"": [{""id"": ""nrsr:org:13"", ""name"": ""Národná rada Slovenskej republiky"", ""start_date"": ""2023-10-25"", ""end_date"": """"}], ""groups"": [{""id"": ""nrsr:org:club:1"", ""name"": ""Klub HLAS - SD"", ""start_date"": ""2023-10-25"", ""end_date"": """"}]}"
nrsr:person:1186,Andrea,Turčanová,Andrea Turčanová,https://www.nrsr.sk/web/dynamic/PoslanecPhoto.aspx?PoslanecID=1186&ImageWidth=140,"[{""scheme"": ""nrsr"", ""identifier"": ""1186""}]","[{""url"": ""https://www.nrsr.sk/web/Default.aspx?sid=poslanci/poslanec&PoslanecID=1186""}]","{""parliament"": [{""id"": ""nrsr:org:13"", ""name"": ""Národná rada Slovenskej republiky"", ""start_date"": ""2023-10-25"", ""end_date"": """"}], ""groups"": [{""id"": ""nrsr:org:club:3"", ""name"": ""Klub KDH"", ""start_date"": ""2023-10-25"", ""end_date"": """"}]}"
nrsr:person:733,Michal,Lukša,Michal Lukša,https://www.nrsr.sk/web/dynamic/PoslanecPhoto.aspx?PoslanecID=733&ImageWidth=140,"[{""scheme"": ""nrsr"", ""identifier"": ""733""}]","[{""url"": ""https://www.nrsr.sk/web/Default.aspx?sid=poslanci/poslanec&PoslanecID=733""}]","{""parliament"": [{""id"": ""nrsr:org:13"", ""name"": ""Národná rada Slovenskej republiky"", ""start_date"": ""2023-10-25"", ""end_date"": """"}], ""groups"": [{""id"": ""nrsr:org:club:8"", ""name"": ""Klub SMER - SD"", ""start_date"": ""2023-10-25"", ""end_date"": """"}]}"
nrsr:person:1219,Ján,Horváth,Ján Horváth,https://www.nrsr.sk/web/dynamic/PoslanecPhoto.aspx?PoslanecID=1219&ImageWidth=140,"[{""scheme"": ""nrsr"", ""identifier"": ""1219""}]","[{""url"": ""https://www.nrsr.sk/web/Default.aspx?sid=poslanci/poslanec&PoslanecID=1219""}]","{""parliament"": [{""id"": ""nrsr:org:13"", ""name"": ""Národná rada Slovenskej republiky"", ""start_date"": ""2023-10-25"", ""end_date"": """"}], ""groups"": [{""id"": ""nrsr:org:club:8"", ""name"": ""Klub SMER - SD"", ""start_date"": ""2023-10-25"", ""end_date"": """"}]}"
nrsr:person:293,Ľubomír,Vážny,Ľubomír Vážny,https://www.nrsr.sk/web/dynamic/PoslanecPhoto.aspx?PoslanecID=293&ImageWidth=140,"[{""scheme"": ""nrsr"", ""identifier"": ""293""}]","[{""url"": ""https://www.nrsr.sk/web/Default.aspx?sid=poslanci/poslanec&PoslanecID=293""}]","{""parliament"": [{""id"": ""nrsr:org:13"", ""name"": ""Národná rada Slovenskej republiky"", ""start_date"": ""2023-10-25"", ""end_date"": """"}], ""groups"": [{""id"": ""nrsr:org:club:8"", ""name"": ""Klub SMER - SD"", ""start_date"": ""2023-10-25"", ""end_date"": """"}]}"
nrsr:person:1169,Karol,Janas,Karol Janas,https://www.nrsr.sk/web/dynamic/PoslanecPhoto.aspx?PoslanecID=1169&ImageWidth=140,"[{""scheme"": ""nrsr"", ""identifier"": ""1169""}]","[{""url"": ""https://www.nrsr.sk/web/Default.aspx?sid=poslanci/poslanec&PoslanecID=1169""}]","{""parliament"": [{""id"": ""nrsr:org:13"", ""name"": ""Národná rada Slovenskej republiky"", ""start_date"": ""2023-10-25"", ""end_date"": """"}], ""groups"": [{""id"": ""nrsr:org:club:1"", ""name"": ""Klub HLAS - SD"", ""start_date"": ""2023-10-25"", ""end_date"": """"}]}"
nrsr:person:769,Peter,Šuca,Peter Šuca,https://www.nrsr.sk/web/dynamic/PoslanecPhoto.aspx?PoslanecID=769&ImageWidth=140,"[{""scheme"": ""nrsr"", ""identifier"": ""769""}]","[{""url"": ""https://www.nrsr.sk/web/Default.aspx?sid=poslanci/poslanec&PoslanecID=769""}]","{""parliament"": [{""id"": ""nrsr:org:13"", ""name"": ""Národná rada Slovenskej republiky"", ""start_date"": ""2023-10-25"", ""end_date"": """"}], ""groups"": [{""id"": ""nrsr:org:club:8"", ""name"": ""Klub SMER - SD"", ""start_date"": ""2023-10-25"", ""end_date"": """"}]}"
nrsr:person:1212,Natália,Nash,Natália Nash,https://www.nrsr.sk/web/dynamic/PoslanecPhoto.aspx?PoslanecID=1212&ImageWidth=140,"[{""scheme"": ""nrsr"", ""identifier"": ""1212""}]","[{""url"": ""https://www.nrsr.sk/web/Default.aspx?sid=poslanci/poslanec&PoslanecID=1212""}]","{""parliament"": [{""id"": ""nrsr:org:13"", ""name"": ""Národná rada Slovenskej republiky"", ""start_date"": ""2023-10-25"", ""end_date"": """"}], ""groups"": [{""id"": ""nrsr:org:club:4"", ""name"": ""Klub PS"", ""start_date"": ""2023-10-25"", ""end_date"": """"}]}"
nrsr:person:1182,Peter,Stachura,Peter Stachura,https://www.nrsr.sk/web/dynamic/PoslanecPhoto.aspx?PoslanecID=1182&ImageWidth=140,"[{""scheme"": ""nrsr"", ""identifier"": ""1182""}]","[{""url"": ""https://www.nrsr.sk/web/Default.aspx?sid=poslanci/poslanec&PoslanecID=1182""}]","{""parliament"": [{""id"": ""nrsr:org:13"", ""name"": ""Národná rada Slovenskej republiky"", ""start_date"": ""2023-10-25"", ""end_date"": """"}], ""groups"": [{""id"": ""nrsr:org:club:3"", ""name"": ""Klub KDH"", ""start_date"": ""2023-10-25"", ""end_date"": """"}]}"
nrsr:person:1129,Jana,Hanuliaková,Jana Hanuliaková,https://www.nrsr.sk/web/dynamic/PoslanecPhoto.aspx?PoslanecID=1129&ImageWidth=140,"[{""scheme"": ""nrsr"", ""identifier"": ""1129""}]","[{""url"": ""https://www.nrsr.sk/web/Default.aspx?sid=poslanci/poslanec&PoslanecID=1129""}]","{""parliament"": [{""id"": ""nrsr:org:13"", ""name"": ""Národná rada Slovenskej republiky"", ""start_date"": ""2023-10-25"", ""end_date"": """"}], ""groups"": [{""id"": ""nrsr:org:club:4"", ""name"": ""Klub PS"", ""start_date"": ""2023-10-25"", ""end_date"": """"}]}"
nrsr:person:1075,Tomáš,"Valášek,","Tomáš Valášek,",https://www.nrsr.sk/web/dynamic/PoslanecPhoto.aspx?PoslanecID=1075&ImageWidth=140,"[{""scheme"": ""nrsr"", ""identifier"": ""1075""}]","[{""url"": ""https://www.nrsr.sk/web/Default.aspx?sid=poslanci/poslanec&PoslanecID=1075""}]","{""parliament"": [{""id"": ""nrsr:org:13"", ""name"": ""Národná rada Slovenskej republiky"", ""start_date"": ""2023-10-25"", ""end_date"": """"}], ""groups"": [{""id"": ""nrsr:org:club:4"", ""name"": ""Klub PS"", ""start_date"": ""2023-10-25"", ""end_date"": """"}]}"
nrsr:person:1150,Ivan,Ševčík,Ivan Ševčík,https://www.nrsr.sk/web/dynamic/PoslanecPhoto.aspx?PoslanecID=1150&ImageWidth=140,"[{""scheme"": ""nrsr"", ""identifier"": ""1150""}]","[{""url"": ""https://www.nrsr.sk/web/Default.aspx?sid=poslanci/poslanec&PoslanecID=1150""}]","{""parliament"": [{""id"": ""nrsr:org:13"", ""name"": ""Národná rada Slovenskej republiky"", ""start_date"": ""2023-10-25"", ""end_date"": """"}], ""groups"": [{""id"": ""nrsr:org:club:10"", ""name"": ""Klub SNS"", ""start_date"": ""2023-10-25"", ""end_date"": """"}]}"
nrsr:person:61,Dušan,Jarjabek,Dušan Jarjabek,https://www.nrsr.sk/web/dynamic/PoslanecPhoto.aspx?PoslanecID=61&ImageWidth=140,"[{""scheme"": ""nrsr"", ""identifier"": ""61""}]","[{""url"": ""https://www.nrsr.sk/web/Default.aspx?sid=poslanci/poslanec&PoslanecID=61""}]","{""parliament"": [{""id"": ""nrsr:org:13"", ""name"": ""Národná rada Slovenskej republiky"", ""start_date"": ""2023-10-25"", ""end_date"": """"}], ""groups"": [{""id"": ""nrsr:org:club:8"", ""name"": ""Klub SMER - SD"", ""start_date"": ""2023-10-25"", ""end_date"": """"}]}"
nrsr:person:1019,Viliam,Zahorčák,Viliam Zahorčák,https://www.nrsr.sk/web/dynamic/PoslanecPhoto.aspx?PoslanecID=1019&ImageWidth=140,"[{""scheme"": ""nrsr"", ""identifier"": ""1019""}]","[{""url"": ""https://www.nrsr.sk/web/Default.aspx?sid=poslanci/poslanec&PoslanecID=1019""}]","{""parliament"": [{""id"": ""nrsr:org:13"", ""name"": ""Národná rada Slovenskej republiky"", ""start_date"": ""2023-10-25"", ""end_date"": """"}], ""groups"": [{""id"": ""nrsr:org:club:8"", ""name"": ""Klub SMER - SD"", ""start_date"": ""2023-10-25"", ""end_date"": """"}]}"
nrsr:person:1121,Zora,Jaurová,Zora Jaurová,https://www.nrsr.sk/web/dynamic/PoslanecPhoto.aspx?PoslanecID=1121&ImageWidth=140,"[{""scheme"": ""nrsr"", ""identifier"": ""1121""}]","[{""url"": ""https://www.nrsr.sk/web/Default.aspx?sid=poslanci/poslanec&PoslanecID=1121""}]","{""parliament"": [{""id"": ""nrsr:org:13"", ""name"": ""Národná rada Slovenskej republiky"", ""start_date"": ""2023-10-25"", ""end_date"": """"}], ""groups"": [{""id"": ""nrsr:org:club:4"", ""name"": ""Klub PS"", ""start_date"": ""2023-10-25"", ""end_date"": """"}]}"
nrsr:person:905,Veronika,Remišová,Veronika Remišová,https://www.nrsr.sk/web/dynamic/PoslanecPhoto.aspx?PoslanecID=905&ImageWidth=140,"[{""scheme"": ""nrsr"", ""identifier"": ""905""}]","[{""url"": ""https://www.nrsr.sk/web/Default.aspx?sid=poslanci/poslanec&PoslanecID=905""}]","{""parliament"": [{""id"": ""nrsr:org:13"", ""name"": ""Národná rada Slovenskej republiky"", ""start_date"": ""2023-10-25"", ""end_date"": """"}], ""groups"": [{""id"": ""nrsr:org:club:6"", ""name"": ""Klub SLOVENSKO"", ""start_date"": ""2023-10-25"", ""end_date"": """"}]}"
nrsr:person:1139,Dana,Kleinert,Dana Kleinert,https://www.nrsr.sk/web/dynamic/PoslanecPhoto.aspx?PoslanecID=1139&ImageWidth=140,"[{""scheme"": ""nrsr"", ""identifier"": ""1139""}]","[{""url"": ""https://www.nrsr.sk/web/Default.aspx?sid=poslanci/poslanec&PoslanecID=1139""}]","{""parliament"": [{""id"": ""nrsr:org:13"", ""name"": ""Národná rada Slovenskej republiky"", ""start_date"": ""2023-10-25"", ""end_date"": """"}], ""groups"": [{""id"": ""nrsr:org:club:4"", ""name"": ""Klub PS"", ""start_date"": ""2023-10-25"", ""end_date"": """"}]}"
nrsr:person:1046,Roman,Mikulec,Roman Mikulec,https://www.nrsr.sk/web/dynamic/PoslanecPhoto.aspx?PoslanecID=1046&ImageWidth=140,"[{""scheme"": ""nrsr"", ""identifier"": ""1046""}]","[{""url"": ""https://www.nrsr.sk/web/Default.aspx?sid=poslanci/poslanec&PoslanecID=1046""}]","{""parliament"": [{""id"": ""nrsr:org:13"", ""name"": ""Národná rada Slovenskej republiky"", ""start_date"": ""2023-10-25"", ""end_date"": """"}], ""groups"": [{""id"": ""nrsr:org:club:6"", ""name"": ""Klub SLOVENSKO"", ""start_date"": ""2023-10-25"", ""end_date"": """"}]}"
nrsr:person:1161,Michal,Stuška,Michal Stuška,https://www.nrsr.sk/web/dynamic/PoslanecPhoto.aspx?PoslanecID=1161&ImageWidth=140,"[{""scheme"": ""nrsr"", ""identifier"": ""1161""}]","[{""url"": ""https://www.nrsr.sk/web/Default.aspx?sid=poslanci/poslanec&PoslanecID=1161""}]","{""parliament"": [{""id"": ""nrsr:org:13"", ""name"": ""Národná rada Slovenskej republiky"", ""start_date"": ""2023-10-25"", ""end_date"": """"}], ""groups"": [{""id"": ""nrsr:org:club:8"", ""name"": ""Klub SMER - SD"", ""start_date"": ""2023-10-25"", ""end_date"": """"}]}"
nrsr:person:1221,Igor,Dušenka,Igor Dušenka,https://www.nrsr.sk/web/dynamic/PoslanecPhoto.aspx?PoslanecID=1221&ImageWidth=140,"[{""scheme"": ""nrsr"", ""identifier"": ""1221""}]","[{""url"": ""https://www.nrsr.sk/web/Default.aspx?sid=poslanci/poslanec&PoslanecID=1221""}]","{""parliament"": [{""id"": ""nrsr:org:13"", ""name"": ""Národná rada Slovenskej republiky"", ""start_date"": ""2023-10-25"", ""end_date"": """"}], ""groups"": [{""id"": ""nrsr:org:club:6"", ""name"": ""Klub SLOVENSKO"", ""start_date"": ""2023-10-25"", ""end_date"": """"}]}"
nrsr:person:910,Gábor,Grendel,Gábor Grendel,https://www.nrsr.sk/web/dynamic/PoslanecPhoto.aspx?PoslanecID=910&ImageWidth=140,"[{""scheme"": ""nrsr"", ""identifier"": ""910""}]","[{""url"": ""https://www.nrsr.sk/web/Default.aspx?sid=poslanci/poslanec&PoslanecID=910""}]","{""parliament"": [{""id"": ""nrsr:org:13"", ""name"": ""Národná rada Slovenskej republiky"", ""start_date"": ""2023-10-25"", ""end_date"": """"}], ""groups"": [{""id"": ""nrsr:org:club:6"", ""name"": ""Klub SLOVENSKO"", ""start_date"": ""2023-10-25"", ""end_date"": """"}]}"
nrsr:person:1207,Michal,Bartek,Michal Bartek,https://www.nrsr.sk/web/dynamic/PoslanecPhoto.aspx?PoslanecID=1207&ImageWidth=140,"[{""scheme"": ""nrsr"", ""identifier"": ""1207""}]","[{""url"": ""https://www.nrsr.sk/web/Default.aspx?sid=poslanci/poslanec&PoslanecID=1207""}]","{""parliament"": [{""id"": ""nrsr:org:13"", ""name"": ""Národná rada Slovenskej republiky"", ""start_date"": ""2023-10-25"", ""end_date"": """"}], ""groups"": [{""id"": ""nrsr:org:club:1"", ""name"": ""Klub HLAS - SD"", ""start_date"": ""2023-10-25"", ""end_date"": """"}]}"
nrsr:person:1118,Tamara,Stohlová,Tamara Stohlová,https://www.nrsr.sk/web/dynamic/PoslanecPhoto.aspx?PoslanecID=1118&ImageWidth=140,"[{""scheme"": ""nrsr"", ""identifier"": ""1118""}]","[{""url"": ""https://www.nrsr.sk/web/Default.aspx?sid=poslanci/poslanec&PoslanecID=1118""}]","{""parliament"": [{""id"": ""nrsr:org:13"", ""name"": ""Národná rada Slovenskej republiky"", ""start_date"": ""2023-10-25"", ""end_date"": """"}], ""groups"": [{""id"": ""nrsr:org:club:4"", ""name"": ""Klub PS"", ""start_date"": ""2023-10-25"", ""end_date"": """"}]}"
nrsr:person:1120,Michal,Sabo,Michal Sabo,https://www.nrsr.sk/web/dynamic/PoslanecPhoto.aspx?PoslanecID=1120&ImageWidth=140,"[{""scheme"": ""nrsr"", ""identifier"": ""1120""}]","[{""url"": ""https://www.nrsr.sk/web/Default.aspx?sid=poslanci/poslanec&PoslanecID=1120""}]","{""parliament"": [{""id"": ""nrsr:org:13"", ""name"": ""Národná rada Slovenskej republiky"", ""start_date"": ""2023-10-25"", ""end_date"": """"}], ""groups"": [{""id"": ""nrsr:org:club:4"", ""name"": ""Klub PS"", ""start_date"": ""2023-10-25"", ""end_date"": """"}]}"
nrsr:person:1132,Zuzana,Števulová,Zuzana Števulová,https://www.nrsr.sk/web/dynamic/PoslanecPhoto.aspx?PoslanecID=1132&ImageWidth=140,"[{""scheme"": ""nrsr"", ""identifier"": ""1132""}]","[{""url"": ""https://www.nrsr.sk/web/Default.aspx?sid=poslanci/poslanec&PoslanecID=1132""}]","{""parliament"": [{""id"": ""nrsr:org:13"", ""name"": ""Národná rada Slovenskej republiky"", ""start_date"": ""2023-10-25"", ""end_date"": """"}], ""groups"": [{""id"": ""nrsr:org:club:4"", ""name"": ""Klub PS"", ""start_date"": ""2023-10-25"", ""end_date"": """"}]}"
nrsr:person:1065,Michal,Šipoš,Michal Šipoš,https://www.nrsr.sk/web/dynamic/PoslanecPhoto.aspx?PoslanecID=1065&ImageWidth=140,"[{""scheme"": ""nrsr"", ""identifier"": ""1065""}]","[{""url"": ""https://www.nrsr.sk/web/Default.aspx?sid=poslanci/poslanec&PoslanecID=1065""}]","{""parliament"": [{""id"": ""nrsr:org:13"", ""name"": ""Národná rada Slovenskej republiky"", ""start_date"": ""2023-10-25"", ""end_date"": """"}], ""groups"": [{""id"": ""nrsr:org:club:6"", ""name"": ""Klub SLOVENSKO"", ""start_date"": ""2023-10-25"", ""end_date"": """"}]}"
nrsr:person:899,Peter,Náhlik,Peter Náhlik,https://www.nrsr.sk/web/dynamic/PoslanecPhoto.aspx?PoslanecID=899&ImageWidth=140,"[{""scheme"": ""nrsr"", ""identifier"": ""899""}]","[{""url"": ""https://www.nrsr.sk/web/Default.aspx?sid=poslanci/poslanec&PoslanecID=899""}]","{""parliament"": [{""id"": ""nrsr:org:13"", ""name"": ""Národná rada Slovenskej republiky"", ""start_date"": ""2023-10-25"", ""end_date"": """"}], ""groups"": [{""id"": ""nrsr:org:club:1"", ""name"": ""Klub HLAS - SD"", ""start_date"": ""2023-10-25"", ""end_date"": """"}]}"
nrsr:person:1141,Veronika,Veslárová,Veronika Veslárová,https://www.nrsr.sk/web/dynamic/PoslanecPhoto.aspx?PoslanecID=1141&ImageWidth=140,"[{""scheme"": ""nrsr"", ""identifier"": ""1141""}]","[{""url"": ""https://www.nrsr.sk/web/Default.aspx?sid=poslanci/poslanec&PoslanecID=1141""}]","{""parliament"": [{""id"": ""nrsr:org:13"", ""name"": ""Národná rada Slovenskej republiky"", ""start_date"": ""2023-10-25"", ""end_date"": """"}], ""groups"": [{""id"": ""nrsr:org:club:4"", ""name"": ""Klub PS"", ""start_date"": ""2023-10-25"", ""end_date"": """"}]}"
nrsr:person:1008,Ján,Ferenčák,Ján Ferenčák,https://www.nrsr.sk/web/dynamic/PoslanecPhoto.aspx?PoslanecID=1008&ImageWidth=140,"[{""scheme"": ""nrsr"", ""identifier"": ""1008""}]","[{""url"": ""https://www.nrsr.sk/web/Default.aspx?sid=poslanci/poslanec&PoslanecID=1008""}]","{""parliament"": [{""id"": ""nrsr:org:13"", ""name"": ""Národná rada Slovenskej republiky"", ""start_date"": ""2023-10-25"", ""end_date"": """"}], ""groups"": [{""id"": ""nrsr:org:club:1"", ""name"": ""Klub HLAS - SD"", ""start_date"": ""2023-10-25"", ""end_date"": """"}]}"
nrsr:person:689,Ján,Richter,Ján Richter,https://www.nrsr.sk/web/dynamic/PoslanecPhoto.aspx?PoslanecID=689&ImageWidth=140,"[{""scheme"": ""nrsr"", ""identifier"": ""689""}]","[{""url"": ""https://www.nrsr.sk/web/Default.aspx?sid=poslanci/poslanec&PoslanecID=689""}]","{""parliament"": [{""id"": ""nrsr:org:13"", ""name"": ""Národná rada Slovenskej republiky"", ""start_date"": ""2023-10-25"", ""end_date"": """"}], ""groups"": [{""id"": ""nrsr:org:club:8"", ""name"": ""Klub SMER - SD"", ""start_date"": ""2023-10-25"", ""end_date"": """"}]}"
nrsr:person:931,Karol,Farkašovský,Karol Farkašovský,https://www.nrsr.sk/web/dynamic/PoslanecPhoto.aspx?PoslanecID=931&ImageWidth=140,"[{""scheme"": ""nrsr"", ""identifier"": ""931""}]","[{""url"": ""https://www.nrsr.sk/web/Default.aspx?sid=poslanci/poslanec&PoslanecID=931""}]","{""parliament"": [{""id"": ""nrsr:org:13"", ""name"": ""Národná rada Slovenskej republiky"", ""start_date"": ""2023-10-25"", ""end_date"": """"}], ""groups"": [{""id"": ""nrsr:org:club:10"", ""name"": ""Klub SNS"", ""start_date"": ""2023-10-25"", ""end_date"": """"}]}"
nrsr:person:1160,Marcela,Čavojová,Marcela Čavojová,https://www.nrsr.sk/web/dynamic/PoslanecPhoto.aspx?PoslanecID=1160&ImageWidth=140,"[{""scheme"": ""nrsr"", ""identifier"": ""1160""}]","[{""url"": ""https://www.nrsr.sk/web/Default.aspx?sid=poslanci/poslanec&PoslanecID=1160""}]","{""parliament"": [{""id"": ""nrsr:org:13"", ""name"": ""Národná rada Slovenskej republiky"", ""start_date"": ""2023-10-25"", ""end_date"": """"}], ""groups"": [{""id"": ""nrsr:org:club:8"", ""name"": ""Klub SMER - SD"", ""start_date"": ""2023-10-25"", ""end_date"": """"}]}"
nrsr:person:1037,Vladimír,Ledecký,Vladimír Ledecký,https://www.nrsr.sk/web/dynamic/PoslanecPhoto.aspx?PoslanecID=1037&ImageWidth=140,"[{""scheme"": ""nrsr"", ""identifier"": ""1037""}]","[{""url"": ""https://www.nrsr.sk/web/Default.aspx?sid=poslanci/poslanec&PoslanecID=1037""}]","{""parliament"": [{""id"": ""nrsr:org:13"", ""name"": ""Národná rada Slovenskej republiky"", ""start_date"": ""2023-10-25"", ""end_date"": """"}], ""groups"": [{""id"": ""nrsr:org:club:11"", ""name"": ""Klub SaS"", ""start_date"": ""2023-10-25"", ""end_date"": """"}]}"
nrsr:person:705,Jozef,Valocký,Jozef Valocký,https://www.nrsr.sk/web/dynamic/PoslanecPhoto.aspx?PoslanecID=705&ImageWidth=140,"[{""scheme"": ""nrsr"", ""identifier"": ""705""}]","[{""url"": ""https://www.nrsr.sk/web/Default.aspx?sid=poslanci/poslanec&PoslanecID=705""}]","{""parliament"": [{""id"": ""nrsr:org:13"", ""name"": ""Národná rada Slovenskej republiky"", ""start_date"": ""2023-10-25"", ""end_date"": """"}], ""groups"": [{""id"": ""nrsr:org:club:8"", ""name"": ""Klub SMER - SD"", ""start_date"": ""2023-10-25"", ""end_date"": """"}]}"
nrsr:person:1188,Július,Jakab,Július Jakab,https://www.nrsr.sk/web/dynamic/PoslanecPhoto.aspx?PoslanecID=1188&ImageWidth=140,"[{""scheme"": ""nrsr"", ""identifier"": ""1188""}]","[{""url"": ""https://www.nrsr.sk/web/Default.aspx?sid=poslanci/poslanec&PoslanecID=1188""}]","{""parliament"": [{""id"": ""nrsr:org:13"", ""name"": ""Národná rada Slovenskej republiky"", ""start_date"": ""2023-10-25"", ""end_date"": """"}], ""groups"": [{""id"": ""nrsr:org:club:6"", ""name"": ""Klub SLOVENSKO"", ""start_date"": ""2023-10-25"", ""end_date"": """"}]}"
nrsr:person:1149,Roman,Michelko,Roman Michelko,https://www.nrsr.sk/web/dynamic/PoslanecPhoto.aspx?PoslanecID=1149&ImageWidth=140,"[{""scheme"": ""nrsr"", ""identifier"": ""1149""}]","[{""url"": ""https://www.nrsr.sk/web/Default.aspx?sid=poslanci/poslanec&PoslanecID=1149""}]","{""parliament"": [{""id"": ""nrsr:org:13"", ""name"": ""Národná rada Slovenskej republiky"", ""start_date"": ""2023-10-25"", ""end_date"": """"}], ""groups"": [{""id"": ""nrsr:org:club:10"", ""name"": ""Klub SNS"", ""start_date"": ""2023-10-25"", ""end_date"": """"}]}"
nrsr:person:1184,František,Majerský,František Majerský,https://www.nrsr.sk/web/dynamic/PoslanecPhoto.aspx?PoslanecID=1184&ImageWidth=140,"[{""scheme"": ""nrsr"", ""identifier"": ""1184""}]","[{""url"": ""https://www.nrsr.sk/web/Default.aspx?sid=poslanci/poslanec&PoslanecID=1184""}]","{""parliament"": [{""id"": ""nrsr:org:13"", ""name"": ""Národná rada Slovenskej republiky"", ""start_date"": ""2023-10-25"", ""end_date"": """"}], ""groups"": [{""id"": ""nrsr:org:club:3"", ""name"": ""Klub KDH"", ""start_date"": ""2023-10-25"", ""end_date"": """"}]}"
nrsr:person:1144,Lukáš,Bužo,Lukáš Bužo,https://www.nrsr.sk/web/dynamic/PoslanecPhoto.aspx?PoslanecID=1144&ImageWidth=140,"[{""scheme"": ""nrsr"", ""identifier"": ""1144""}]","[{""url"": ""https://www.nrsr.sk/web/Default.aspx?sid=poslanci/poslanec&PoslanecID=1144""}]","{""parliament"": [{""id"": ""nrsr:org:13"", ""name"": ""Národná rada Slovenskej republiky"", ""start_date"": ""2023-10-25"", ""end_date"": """"}], ""groups"": [{""id"": ""nrsr:org:club:6"", ""name"": ""Klub SLOVENSKO"", ""start_date"": ""2023-10-25"", ""end_date"": """"}]}"
nrsr:person:1154,gen.,Gašpar,gen. Gašpar,https://www.nrsr.sk/web/dynamic/PoslanecPhoto.aspx?PoslanecID=1154&ImageWidth=140,"[{""scheme"": ""nrsr"", ""identifier"": ""1154""}]","[{""url"": ""https://www.nrsr.sk/web/Default.aspx?sid=poslanci/poslanec&PoslanecID=1154""}]","{""parliament"": [{""id"": ""nrsr:org:13"", ""name"": ""Národná rada Slovenskej republiky"", ""start_date"": ""2023-10-25"", ""end_date"": """"}], ""groups"": [{""id"": ""nrsr:org:club:8"", ""name"": ""Klub SMER - SD"", ""start_date"": ""2023-10-25"", ""end_date"": """"}]}"
nrsr:person:892,Štefan,Gašparovič,Štefan Gašparovič,https://www.nrsr.sk/web/dynamic/PoslanecPhoto.aspx?PoslanecID=892&ImageWidth=140,"[{""scheme"": ""nrsr"", ""identifier"": ""892""}]","[{""url"": ""https://www.nrsr.sk/web/Default.aspx?sid=poslanci/poslanec&PoslanecID=892""}]","{""parliament"": [{""id"": ""nrsr:org:13"", ""name"": ""Národná rada Slovenskej republiky"", ""start_date"": ""2023-10-25"", ""end_date"": """"}], ""groups"": [{""id"": ""nrsr:org:club:1"", ""name"": ""Klub HLAS - SD"", ""start_date"": ""2023-10-25"", ""end_date"": """"}]}"
nrsr:person:1198,Milan,Garaj,Milan Garaj,https://www.nrsr.sk/web/dynamic/PoslanecPhoto.aspx?PoslanecID=1198&ImageWidth=140,"[{""scheme"": ""nrsr"", ""identifier"": ""1198""}]","[{""url"": ""https://www.nrsr.sk/web/Default.aspx?sid=poslanci/poslanec&PoslanecID=1198""}]","{""parliament"": [{""id"": ""nrsr:org:13"", ""name"": ""Národná rada Slovenskej republiky"", ""start_date"": ""2023-10-25"", ""end_date"": """"}], ""groups"": [{""id"": ""nrsr:org:club:10"", ""name"": ""Klub SNS"", ""start_date"": ""2023-10-25"", ""end_date"": """"}]}"
nrsr:person:1202,Ján,Hrubý,Ján Hrubý,https://www.nrsr.sk/web/dynamic/PoslanecPhoto.aspx?PoslanecID=1202&ImageWidth=140,"[{""scheme"": ""nrsr"", ""identifier"": ""1202""}]","[{""url"": ""https://www.nrsr.sk/web/Default.aspx?sid=poslanci/poslanec&PoslanecID=1202""}]","{""parliament"": [{""id"": ""nrsr:org:13"", ""name"": ""Národná rada Slovenskej republiky"", ""start_date"": ""2023-10-25"", ""end_date"": """"}], ""groups"": [{""id"": ""nrsr:org:club:1"", ""name"": ""Klub HLAS - SD"", ""start_date"": ""2023-10-25"", ""end_date"": """"}]}"
nrsr:person:1183,Ján,Horecký,Ján Horecký,https://www.nrsr.sk/web/dynamic/PoslanecPhoto.aspx?PoslanecID=1183&ImageWidth=140,"[{""scheme"": ""nrsr"", ""identifier"": ""1183""}]","[{""url"": ""https://www.nrsr.sk/web/Default.aspx?sid=poslanci/poslanec&PoslanecID=1183""}]","{""parliament"": [{""id"": ""nrsr:org:13"", ""name"": ""Národná rada Slovenskej republiky"", ""start_date"": ""2023-10-25"", ""end_date"": """"}], ""groups"": [{""id"": ""nrsr:org:club:3"", ""name"": ""Klub KDH"", ""start_date"": ""2023-10-25"", ""end_date"": """"}]}"
nrsr:person:1054,Jozef,Pročko,Jozef Pročko,https://www.nrsr.sk/web/dynamic/PoslanecPhoto.aspx?PoslanecID=1054&ImageWidth=140,"[{""scheme"": ""nrsr"", ""identifier"": ""1054""}]","[{""url"": ""https://www.nrsr.sk/web/Default.aspx?sid=poslanci/poslanec&PoslanecID=1054""}]","{""parliament"": [{""id"": ""nrsr:org:13"", ""name"": ""Národná rada Slovenskej republiky"", ""start_date"": ""2023-10-25"", ""end_date"": """"}], ""groups"": [{""id"": ""nrsr:org:club:6"", ""name"": ""Klub SLOVENSKO"", ""start_date"": ""2023-10-25"", ""end_date"": """"}]}"
nrsr:person:685,Ján,Podmanický,Ján Podmanický,https://www.nrsr.sk/web/dynamic/PoslanecPhoto.aspx?PoslanecID=685&ImageWidth=140,"[{""scheme"": ""nrsr"", ""identifier"": ""685""}]","[{""url"": ""https://www.nrsr.sk/web/Default.aspx?sid=poslanci/poslanec&PoslanecID=685""}]","{""parliament"": [{""id"": ""nrsr:org:13"", ""name"": ""Národná rada Slovenskej republiky"", ""start_date"": ""2023-10-25"", ""end_date"": """"}], ""groups"": [{""id"": ""nrsr:org:club:8"", ""name"": ""Klub SMER - SD"", ""start_date"": ""2023-10-25"", ""end_date"": """"}]}"
nrsr:person:871,Vladimír,Baláž,Vladimír Baláž,https://www.nrsr.sk/web/dynamic/PoslanecPhoto.aspx?PoslanecID=871&ImageWidth=140,"[{""scheme"": ""nrsr"", ""identifier"": ""871""}]","[{""url"": ""https://www.nrsr.sk/web/Default.aspx?sid=poslanci/poslanec&PoslanecID=871""}]","{""parliament"": [{""id"": ""nrsr:org:13"", ""name"": ""Národná rada Slovenskej republiky"", ""start_date"": ""2023-10-25"", ""end_date"": """"}], ""groups"": [{""id"": ""nrsr:org:club:8"", ""name"": ""Klub SMER - SD"", ""start_date"": ""2023-10-25"", ""end_date"": """"}]}"
nrsr:person:1145,Viliam,Tankó,Viliam Tankó,https://www.nrsr.sk/web/dynamic/PoslanecPhoto.aspx?PoslanecID=1145&ImageWidth=140,"[{""scheme"": ""nrsr"", ""identifier"": ""1145""}]","[{""url"": ""https://www.nrsr.sk/web/Default.aspx?sid=poslanci/poslanec&PoslanecID=1145""}]","{""parliament"": [{""id"": ""nrsr:org:13"", ""name"": ""Národná rada Slovenskej republiky"", ""start_date"": ""2023-10-25"", ""end_date"": """"}], ""groups"": [{""id"": ""nrsr:org:club:4"", ""name"": ""Klub PS"", ""start_date"": ""2023-10-25"", ""end_date"": """"}]}"
nrsr:person:859,Alojz,Hlina,Alojz Hlina,https://www.nrsr.sk/web/dynamic/PoslanecPhoto.aspx?PoslanecID=859&ImageWidth=140,"[{""scheme"": ""nrsr"", ""identifier"": ""859""}]","[{""url"": ""https://www.nrsr.sk/web/Default.aspx?sid=poslanci/poslanec&PoslanecID=859""}]","{""parliament"": [{""id"": ""nrsr:org:13"", ""name"": ""Národná rada Slovenskej republiky"", ""start_date"": ""2023-10-25"", ""end_date"": """"}], ""groups"": [{""id"": ""nrsr:org:club:11"", ""name"": ""Klub SaS"", ""start_date"": ""2023-10-25"", ""end_date"": """"}]}"
nrsr:person:1130,Zuzana,Mesterová,Zuzana Mesterová,https://www.nrsr.sk/web/dynamic/PoslanecPhoto.aspx?PoslanecID=1130&ImageWidth=140,"[{""scheme"": ""nrsr"", ""identifier"": ""1130""}]","[{""url"": ""https://www.nrsr.sk/web/Default.aspx?sid=poslanci/poslanec&PoslanecID=1130""}]","{""parliament"": [{""id"": ""nrsr:org:13"", ""name"": ""Národná rada Slovenskej republiky"", ""start_date"": ""2023-10-25"", ""end_date"": """"}], ""groups"": [{""id"": ""nrsr:org:club:4"", ""name"": ""Klub PS"", ""start_date"": ""2023-10-25"", ""end_date"": """"}]}"
nrsr:person:1119,Irena,Bihariová,Irena Bihariová,https://www.nrsr.sk/web/dynamic/PoslanecPhoto.aspx?PoslanecID=1119&ImageWidth=140,"[{""scheme"": ""nrsr"", ""identifier"": ""1119""}]","[{""url"": ""https://www.nrsr.sk/web/Default.aspx?sid=poslanci/poslanec&PoslanecID=1119""}]","{""parliament"": [{""id"": ""nrsr:org:13"", ""name"": ""Národná rada Slovenskej republiky"", ""start_date"": ""2023-10-25"", ""end_date"": """"}], ""groups"": [{""id"": ""nrsr:org:club:4"", ""name"": ""Klub PS"", ""start_date"": ""2023-10-25"", ""end_date"": """"}]}"
nrsr:person:1116,Lucia,Plaváková,Lucia Plaváková,https://www.nrsr.sk/web/dynamic/PoslanecPhoto.aspx?PoslanecID=1116&ImageWidth=140,"[{""scheme"": ""nrsr"", ""identifier"": ""1116""}]","[{""url"": ""https://www.nrsr.sk/web/Default.aspx?sid=poslanci/poslanec&PoslanecID=1116""}]","{""parliament"": [{""id"": ""nrsr:org:13"", ""name"": ""Národná rada Slovenskej republiky"", ""start_date"": ""2023-10-25"", ""end_date"": """"}], ""groups"": [{""id"": ""nrsr:org:club:4"", ""name"": ""Klub PS"", ""start_date"": ""2023-10-25"", ""end_date"": """"}]}"
nrsr:person:991,Marián,Viskupič,Marián Viskupič,https://www.nrsr.sk/web/dynamic/PoslanecPhoto.aspx?PoslanecID=991&ImageWidth=140,"[{""scheme"": ""nrsr"", ""identifier"": ""991""}]","[{""url"": ""https://www.nrsr.sk/web/Default.aspx?sid=poslanci/poslanec&PoslanecID=991""}]","{""parliament"": [{""id"": ""nrsr:org:13"", ""name"": ""Národná rada Slovenskej republiky"", ""start_date"": ""2023-10-25"", ""end_date"": """"}], ""groups"": [{""id"": ""nrsr:org:club:11"", ""name"": ""Klub SaS"", ""start_date"": ""2023-10-25"", ""end_date"": """"}]}"
nrsr:person:1058,Anton,Stredák,Anton Stredák,https://www.nrsr.sk/web/dynamic/PoslanecPhoto.aspx?PoslanecID=1058&ImageWidth=140,"[{""scheme"": ""nrsr"", ""identifier"": ""1058""}]","[{""url"": ""https://www.nrsr.sk/web/Default.aspx?sid=poslanci/poslanec&PoslanecID=1058""}]","{""parliament"": [{""id"": ""nrsr:org:13"", ""name"": ""Národná rada Slovenskej republiky"", ""start_date"": ""2023-10-25"", ""end_date"": """"}], ""groups"": [{""id"": ""nrsr:org:club:8"", ""name"": ""Klub SMER - SD"", ""start_date"": ""2023-10-25"", ""end_date"": """"}]}"
nrsr:person:1180,Martina,Holečková,Martina Holečková,https://www.nrsr.sk/web/dynamic/PoslanecPhoto.aspx?PoslanecID=1180&ImageWidth=140,"[{""scheme"": ""nrsr"", ""identifier"": ""1180""}]","[{""url"": ""https://www.nrsr.sk/web/Default.aspx?sid=poslanci/poslanec&PoslanecID=1180""}]","{""parliament"": [{""id"": ""nrsr:org:13"", ""name"": ""Národná rada Slovenskej republiky"", ""start_date"": ""2023-10-25"", ""end_date"": """"}], ""groups"": [{""id"": ""nrsr:org:club:11"", ""name"": ""Klub SaS"", ""start_date"": ""2023-10-25"", ""end_date"": """"}]}"
nrsr:person:1224,Monika,Kolejáková,Monika Kolejáková,https://www.nrsr.sk/web/dynamic/PoslanecPhoto.aspx?PoslanecID=1224&ImageWidth=140,"[{""scheme"": ""nrsr"", ""identifier"": ""1224""}]","[{""url"": ""https://www.nrsr.sk/web/Default.aspx?sid=poslanci/poslanec&PoslanecID=1224""}]","{""parliament"": [{""id"": ""nrsr:org:13"", ""name"": ""Národná rada Slovenskej republiky"", ""start_date"": ""2023-10-25"", ""end_date"": """"}], ""groups"": [{""id"": ""nrsr:org:club:3"", ""name"": ""Klub KDH"", ""start_date"": ""2023-10-25"", ""end_date"": """"}]}"
nrsr:person:656,Dušan,Galis,Dušan Galis,https://www.nrsr.sk/web/dynamic/PoslanecPhoto.aspx?PoslanecID=656&ImageWidth=140,"[{""scheme"": ""nrsr"", ""identifier"": ""656""}]","[{""url"": ""https://www.nrsr.sk/web/Default.aspx?sid=poslanci/poslanec&PoslanecID=656""}]","{""parliament"": [{""id"": ""nrsr:org:13"", ""name"": ""Národná rada Slovenskej republiky"", ""start_date"": ""2023-10-25"", ""end_date"": """"}], ""groups"": [{""id"": ""nrsr:org:club:8"", ""name"": ""Klub SMER - SD"", ""start_date"": ""2023-10-25"", ""end_date"": """"}]}"
nrsr:person:900,František,Petro,František Petro,https://www.nrsr.sk/web/dynamic/PoslanecPhoto.aspx?PoslanecID=900&ImageWidth=140,"[{""scheme"": ""nrsr"", ""identifier"": ""900""}]","[{""url"": ""https://www.nrsr.sk/web/Default.aspx?sid=poslanci/poslanec&PoslanecID=900""}]","{""parliament"": [{""id"": ""nrsr:org:13"", ""name"": ""Národná rada Slovenskej republiky"", ""start_date"": ""2023-10-25"", ""end_date"": """"}], ""groups"": [{""id"": ""nrsr:org:club:8"", ""name"": ""Klub SMER - SD"", ""start_date"": ""2023-10-25"", ""end_date"": """"}]}"
nrsr:person:668,Stanislav,Kubánek,Stanislav Kubánek,https://www.nrsr.sk/web/dynamic/PoslanecPhoto.aspx?PoslanecID=668&ImageWidth=140,"[{""scheme"": ""nrsr"", ""identifier"": ""668""}]","[{""url"": ""https://www.nrsr.sk/web/Default.aspx?sid=poslanci/poslanec&PoslanecID=668""}]","{""parliament"": [{""id"": ""nrsr:org:13"", ""name"": ""Národná rada Slovenskej republiky"", ""start_date"": ""2023-10-25"", ""end_date"": """"}], ""groups"": [{""id"": ""nrsr:org:club:8"", ""name"": ""Klub SMER - SD"", ""start_date"": ""2023-10-25"", ""end_date"": """"}]}"
nrsr:person:1143,Veronika,Šrobová,Veronika Šrobová,https://www.nrsr.sk/web/dynamic/PoslanecPhoto.aspx?PoslanecID=1143&ImageWidth=140,"[{""scheme"": ""nrsr"", ""identifier"": ""1143""}]","[{""url"": ""https://www.nrsr.sk/web/Default.aspx?sid=poslanci/poslanec&PoslanecID=1143""}]","{""parliament"": [{""id"": ""nrsr:org:13"", ""name"": ""Národná rada Slovenskej republiky"", ""start_date"": ""2023-10-25"", ""end_date"": """"}], ""groups"": [{""id"": ""nrsr:org:club:4"", ""name"": ""Klub PS"", ""start_date"": ""2023-10-25"", ""end_date"": """"}]}"
nrsr:person:1081,Ľubica,Laššáková,Ľubica Laššáková,https://www.nrsr.sk/web/dynamic/PoslanecPhoto.aspx?PoslanecID=1081&ImageWidth=140,"[{""scheme"": ""nrsr"", ""identifier"": ""1081""}]","[{""url"": ""https://www.nrsr.sk/web/Default.aspx?sid=poslanci/poslanec&PoslanecID=1081""}]","{""parliament"": [{""id"": ""nrsr:org:13"", ""name"": ""Národná rada Slovenskej republiky"", ""start_date"": ""2023-10-25"", ""end_date"": """"}], ""groups"": [{""id"": ""nrsr:org:club:1"", ""name"": ""Klub HLAS - SD"", ""start_date"": ""2023-10-25"", ""end_date"": """"}]}"
nrsr:person:1114,Michal,Šimečka,Michal Šimečka,https://www.nrsr.sk/web/dynamic/PoslanecPhoto.aspx?PoslanecID=1114&ImageWidth=140,"[{""scheme"": ""nrsr"", ""identifier"": ""1114""}]","[{""url"": ""https://www.nrsr.sk/web/Default.aspx?sid=poslanci/poslanec&PoslanecID=1114""}]","{""parliament"": [{""id"": ""nrsr:org:13"", ""name"": ""Národná rada Slovenskej republiky"", ""start_date"": ""2023-10-25"", ""end_date"": """"}], ""groups"": [{""id"": ""nrsr:org:club:4"", ""name"": ""Klub PS"", ""start_date"": ""2023-10-25"", ""end_date"": """"}]}"
nrsr:person:92,František,Mikloško,František Mikloško,https://www.nrsr.sk/web/dynamic/PoslanecPhoto.aspx?PoslanecID=92&ImageWidth=140,"[{""scheme"": ""nrsr"", ""identifier"": ""92""}]","[{""url"": ""https://www.nrsr.sk/web/Default.aspx?sid=poslanci/poslanec&PoslanecID=92""}]","{""parliament"": [{""id"": ""nrsr:org:13"", ""name"": ""Národná rada Slovenskej republiky"", ""start_date"": ""2023-10-25"", ""end_date"": """"}], ""groups"": [{""id"": ""nrsr:org:club:3"", ""name"": ""Klub KDH"", ""start_date"": ""2023-10-25"", ""end_date"": """"}]}"
nrsr:person:1134,Darina,Luščíková,Darina Luščíková,https://www.nrsr.sk/web/dynamic/PoslanecPhoto.aspx?PoslanecID=1134&ImageWidth=140,"[{""scheme"": ""nrsr"", ""identifier"": ""1134""}]","[{""url"": ""https://www.nrsr.sk/web/Default.aspx?sid=poslanci/poslanec&PoslanecID=1134""}]","{""parliament"": [{""id"": ""nrsr:org:13"", ""name"": ""Národná rada Slovenskej republiky"", ""start_date"": ""2023-10-25"", ""end_date"": """"}], ""groups"": [{""id"": ""nrsr:org:club:4"", ""name"": ""Klub PS"", ""start_date"": ""2023-10-25"", ""end_date"": """"}]}"
nrsr:person:233,Jaroslav,Baška,Jaroslav Baška,https://www.nrsr.sk/web/dynamic/PoslanecPhoto.aspx?PoslanecID=233&ImageWidth=140,"[{""scheme"": ""nrsr"", ""identifier"": ""233""}]","[{""url"": ""https://www.nrsr.sk/web/Default.aspx?sid=poslanci/poslanec&PoslanecID=233""}]","{""parliament"": [{""id"": ""nrsr:org:13"", ""name"": ""Národná rada Slovenskej republiky"", ""start_date"": ""2023-10-25"", ""end_date"": """"}], ""groups"": [{""id"": ""nrsr:org:club:8"", ""name"": ""Klub SMER - SD"", ""start_date"": ""2023-10-25"", ""end_date"": """"}]}"
nrsr:person:961,Igor,Janckulík,Igor Janckulík,https://www.nrsr.sk/web/dynamic/PoslanecPhoto.aspx?PoslanecID=961&ImageWidth=140,"[{""scheme"": ""nrsr"", ""identifier"": ""961""}]","[{""url"": ""https://www.nrsr.sk/web/Default.aspx?sid=poslanci/poslanec&PoslanecID=961""}]","{""parliament"": [{""id"": ""nrsr:org:13"", ""name"": ""Národná rada Slovenskej republiky"", ""start_date"": ""2023-10-25"", ""end_date"": """"}], ""groups"": [{""id"": ""nrsr:org:club:3"", ""name"": ""Klub KDH"", ""start_date"": ""2023-10-25"", ""end_date"": """"}]}"
nrsr:person:1178,Milan,Majerský,Milan Majerský,https://www.nrsr.sk/web/dynamic/PoslanecPhoto.aspx?PoslanecID=1178&ImageWidth=140,"[{""scheme"": ""nrsr"", ""identifier"": ""1178""}]","[{""url"": ""https://www.nrsr.sk/web/Default.aspx?sid=poslanci/poslanec&PoslanecID=1178""}]","{""parliament"": [{""id"": ""nrsr:org:13"", ""name"": ""Národná rada Slovenskej republiky"", ""start_date"": ""2023-10-25"", ""end_date"": """"}], ""groups"": [{""id"": ""nrsr:org:club:3"", ""name"": ""Klub KDH"", ""start_date"": ""2023-10-25"", ""end_date"": """"}]}"
nrsr:person:36,RSDr.,Faič,RSDr. Faič,https://www.nrsr.sk/web/dynamic/PoslanecPhoto.aspx?PoslanecID=36&ImageWidth=140,"[{""scheme"": ""nrsr"", ""identifier"": ""36""}]","[{""url"": ""https://www.nrsr.sk/web/Default.aspx?sid=poslanci/poslanec&PoslanecID=36""}]","{""parliament"": [{""id"": ""nrsr:org:13"", ""name"": ""Národná rada Slovenskej republiky"", ""start_date"": ""2023-10-25"", ""end_date"": """"}], ""groups"": [{""id"": ""nrsr:org:club:8"", ""name"": ""Klub SMER - SD"", ""start_date"": ""2023-10-25"", ""end_date"": """"}]}"
nrsr:person:1133,Martin,Dubéci,Martin Dubéci,https://www.nrsr.sk/web/dynamic/PoslanecPhoto.aspx?PoslanecID=1133&ImageWidth=140,"[{""scheme"": ""nrsr"", ""identifier"": ""1133""}]","[{""url"": ""https://www.nrsr.sk/web/Default.aspx?sid=poslanci/poslanec&PoslanecID=1133""}]","{""parliament"": [{""id"": ""nrsr:org:13"", ""name"": ""Národná rada Slovenskej republiky"", ""start_date"": ""2023-10-25"", ""end_date"": """"}], ""groups"": [{""id"": ""nrsr:org:club:4"", ""name"": ""Klub PS"", ""start_date"": ""2023-10-25"", ""end_date"": """"}]}"
nrsr:person:891,Jozef,Ježík,Jozef Ježík,https://www.nrsr.sk/web/dynamic/PoslanecPhoto.aspx?PoslanecID=891&ImageWidth=140,"[{""scheme"": ""nrsr"", ""identifier"": ""891""}]","[{""url"": ""https://www.nrsr.sk/web/Default.aspx?sid=poslanci/poslanec&PoslanecID=891""}]","{""parliament"": [{""id"": ""nrsr:org:13"", ""name"": ""Národná rada Slovenskej republiky"", ""start_date"": ""2023-10-25"", ""end_date"": """"}], ""groups"": [{""id"": ""nrsr:org:club:8"", ""name"": ""Klub SMER - SD"", ""start_date"": ""2023-10-25"", ""end_date"": """"}]}"
nrsr:person:873,Marián,Kéry,Marián Kéry,https://www.nrsr.sk/web/dynamic/PoslanecPhoto.aspx?PoslanecID=873&ImageWidth=140,"[{""scheme"": ""nrsr"", ""identifier"": ""873""}]","[{""url"": ""https://www.nrsr.sk/web/Default.aspx?sid=poslanci/poslanec&PoslanecID=873""}]","{""parliament"": [{""id"": ""nrsr:org:13"", ""name"": ""Národná rada Slovenskej republiky"", ""start_date"": ""2023-10-25"", ""end_date"": """"}], ""groups"": [{""id"": ""nrsr:org:club:8"", ""name"": ""Klub SMER - SD"", ""start_date"": ""2023-10-25"", ""end_date"": """"}]}"
nrsr:person:1225,Gabriel,Paľa,Gabriel Paľa,https://www.nrsr.sk/web/dynamic/PoslanecPhoto.aspx?PoslanecID=1225&ImageWidth=140,"[{""scheme"": ""nrsr"", ""identifier"": ""1225""}]","[{""url"": ""https://www.nrsr.sk/web/Default.aspx?sid=poslanci/poslanec&PoslanecID=1225""}]","{""parliament"": [{""id"": ""nrsr:org:13"", ""name"": ""Národná rada Slovenskej republiky"", ""start_date"": ""2023-10-25"", ""end_date"": """"}], ""groups"": [{""id"": ""nrsr:org:club:3"", ""name"": ""Klub KDH"", ""start_date"": ""2023-10-25"", ""end_date"": """"}]}"
nrsr:person:1203,et,Čellár,et Čellár,https://www.nrsr.sk/web/dynamic/PoslanecPhoto.aspx?PoslanecID=1203&ImageWidth=140,"[{""scheme"": ""nrsr"", ""identifier"": ""1203""}]","[{""url"": ""https://www.nrsr.sk/web/Default.aspx?sid=poslanci/poslanec&PoslanecID=1203""}]","{""parliament"": [{""id"": ""nrsr:org:13"", ""name"": ""Národná rada Slovenskej republiky"", ""start_date"": ""2023-10-25"", ""end_date"": """"}], ""groups"": [{""id"": ""nrsr:org:club:1"", ""name"": ""Klub HLAS - SD"", ""start_date"": ""2023-10-25"", ""end_date"": """"}]}"
nrsr:person:1032,Juraj,Krúpa,Juraj Krúpa,https://www.nrsr.sk/web/dynamic/PoslanecPhoto.aspx?PoslanecID=1032&ImageWidth=140,"[{""scheme"": ""nrsr"", ""identifier"": ""1032""}]","[{""url"": ""https://www.nrsr.sk/web/Default.aspx?sid=poslanci/poslanec&PoslanecID=1032""}]","{""parliament"": [{""id"": ""nrsr:org:13"", ""name"": ""Národná rada Slovenskej republiky"", ""start_date"": ""2023-10-25"", ""end_date"": """"}], ""groups"": [{""id"": ""nrsr:org:club:11"", ""name"": ""Klub SaS"", ""start_date"": ""2023-10-25"", ""end_date"": """"}]}"
nrsr:person:779,Ondrej,Dostál,Ondrej Dostál,https://www.nrsr.sk/web/dynamic/PoslanecPhoto.aspx?PoslanecID=779&ImageWidth=140,"[{""scheme"": ""nrsr"", ""identifier"": ""779""}]","[{""url"": ""https://www.nrsr.sk/web/Default.aspx?sid=poslanci/poslanec&PoslanecID=779""}]","{""parliament"": [{""id"": ""nrsr:org:13"", ""name"": ""Národná rada Slovenskej republiky"", ""start_date"": ""2023-10-25"", ""end_date"": """"}], ""groups"": [{""id"": ""nrsr:org:club:11"", ""name"": ""Klub SaS"", ""start_date"": ""2023-10-25"", ""end_date"": """"}]}"
nrsr:person:1172,Richard,Eliáš,Richard Eliáš,https://www.nrsr.sk/web/dynamic/PoslanecPhoto.aspx?PoslanecID=1172&ImageWidth=140,"[{""scheme"": ""nrsr"", ""identifier"": ""1172""}]","[{""url"": ""https://www.nrsr.sk/web/Default.aspx?sid=poslanci/poslanec&PoslanecID=1172""}]","{""parliament"": [{""id"": ""nrsr:org:13"", ""name"": ""Národná rada Slovenskej republiky"", ""start_date"": ""2023-10-25"", ""end_date"": """"}], ""groups"": [{""id"": ""nrsr:org:club:1"", ""name"": ""Klub HLAS - SD"", ""start_date"": ""2023-10-25"", ""end_date"": """"}]}"
nrsr:person:1189,Marek,Lackovič,Marek Lackovič,https://www.nrsr.sk/web/dynamic/PoslanecPhoto.aspx?PoslanecID=1189&ImageWidth=140,"[{""scheme"": ""nrsr"", ""identifier"": ""1189""}]","[{""url"": ""https://www.nrsr.sk/web/Default.aspx?sid=poslanci/poslanec&PoslanecID=1189""}]","{""parliament"": [{""id"": ""nrsr:org:13"", ""name"": ""Národná rada Slovenskej republiky"", ""start_date"": ""2023-10-25"", ""end_date"": """"}], ""groups"": [{""id"": ""nrsr:org:club:4"", ""name"": ""Klub PS"", ""start_date"": ""2023-10-25"", ""end_date"": """"}]}"
nrsr:person:1159,Zuzana,Matejičková,Zuzana Matejičková,https://www.nrsr.sk/web/dynamic/PoslanecPhoto.aspx?PoslanecID=1159&ImageWidth=140,"[{""scheme"": ""nrsr"", ""identifier"": ""1159""}]","[{""url"": ""https://www.nrsr.sk/web/Default.aspx?sid=poslanci/poslanec&PoslanecID=1159""}]","{""parliament"": [{""id"": ""nrsr:org:13"", ""name"": ""Národná rada Slovenskej republiky"", ""start_date"": ""2023-10-25"", ""end_date"": """"}], ""groups"": [{""id"": ""nrsr:org:club:8"", ""name"": ""Klub SMER - SD"", ""start_date"": ""2023-10-25"", ""end_date"": """"}]}"
nrsr:person:808,Igor,Matovič,Igor Matovič,https://www.nrsr.sk/web/dynamic/PoslanecPhoto.aspx?PoslanecID=808&ImageWidth=140,"[{""scheme"": ""nrsr"", ""identifier"": ""808""}]","[{""url"": ""https://www.nrsr.sk/web/Default.aspx?sid=poslanci/poslanec&PoslanecID=808""}]","{""parliament"": [{""id"": ""nrsr:org:13"", ""name"": ""Národná rada Slovenskej republiky"", ""start_date"": ""2023-10-25"", ""end_date"": """"}], ""groups"": [{""id"": ""nrsr:org:club:6"", ""name"": ""Klub SLOVENSKO"", ""start_date"": ""2023-10-25"", ""end_date"": """"}]}"
nrsr:person:762,Marián,Saloň,Marián Saloň,https://www.nrsr.sk/web/dynamic/PoslanecPhoto.aspx?PoslanecID=762&ImageWidth=140,"[{""scheme"": ""nrsr"", ""identifier"": ""762""}]","[{""url"": ""https://www.nrsr.sk/web/Default.aspx?sid=poslanci/poslanec&PoslanecID=762""}]","{""parliament"": [{""id"": ""nrsr:org:13"", ""name"": ""Národná rada Slovenskej republiky"", ""start_date"": ""2023-10-25"", ""end_date"": """"}], ""groups"": [{""id"": ""nrsr:org:club:8"", ""name"": ""Klub SMER - SD"", ""start_date"": ""2023-10-25"", ""end_date"": """"}]}"
nrsr:person:691,Peter,Žiga,Peter Žiga,https://www.nrsr.sk/web/dynamic/PoslanecPhoto.aspx?PoslanecID=691&ImageWidth=140,"[{""scheme"": ""nrsr"", ""identifier"": ""691""}]","[{""url"": ""https://www.nrsr.sk/web/Default.aspx?sid=poslanci/poslanec&PoslanecID=691""}]","{""parliament"": [{""id"": ""nrsr:org:13"", ""name"": ""Národná rada Slovenskej republiky"", ""start_date"": ""2023-10-25"", ""end_date"": """"}], ""groups"": [{""id"": ""nrsr:org:club:1"", ""name"": ""Klub HLAS - SD"", ""start_date"": ""2023-10-25"", ""end_date"": """"}]}"
nrsr:person:1123,Oskar,Dvořák,Oskar Dvořák,https://www.nrsr.sk/web/dynamic/PoslanecPhoto.aspx?PoslanecID=1123&ImageWidth=140,"[{""scheme"": ""nrsr"", ""identifier"": ""1123""}]","[{""url"": ""https://www.nrsr.sk/web/Default.aspx?sid=poslanci/poslanec&PoslanecID=1123""}]","{""parliament"": [{""id"": ""nrsr:org:13"", ""name"": ""Národná rada Slovenskej republiky"", ""start_date"": ""2023-10-25"", ""end_date"": """"}], ""groups"": [{""id"": ""nrsr:org:club:4"", ""name"": ""Klub PS"", ""start_date"": ""2023-10-25"", ""end_date"": """"}]}"
nrsr:person:1214,Richard,Glück,Richard Glück,https://www.nrsr.sk/web/dynamic/PoslanecPhoto.aspx?PoslanecID=1214&ImageWidth=140,"[{""scheme"": ""nrsr"", ""identifier"": ""1214""}]","[{""url"": ""https://www.nrsr.sk/web/Default.aspx?sid=poslanci/poslanec&PoslanecID=1214""}]","{""parliament"": [{""id"": ""nrsr:org:13"", ""name"": ""Národná rada Slovenskej republiky"", ""start_date"": ""2023-10-25"", ""end_date"": """"}], ""groups"": [{""id"": ""nrsr:org:club:8"", ""name"": ""Klub SMER - SD"", ""start_date"": ""2023-10-25"", ""end_date"": """"}]}"
nrsr:person:671,Ján,Kvorka,Ján Kvorka,https://www.nrsr.sk/web/dynamic/PoslanecPhoto.aspx?PoslanecID=671&ImageWidth=140,"[{""scheme"": ""nrsr"", ""identifier"": ""671""}]","[{""url"": ""https://www.nrsr.sk/web/Default.aspx?sid=poslanci/poslanec&PoslanecID=671""}]","{""parliament"": [{""id"": ""nrsr:org:13"", ""name"": ""Národná rada Slovenskej republiky"", ""start_date"": ""2023-10-25"", ""end_date"": """"}], ""groups"": [{""id"": ""nrsr:org:club:8"", ""name"": ""Klub SMER - SD"", ""start_date"": ""2023-10-25"", ""end_date"": """"}]}"
nrsr:person:1152,Pavel,Ľupták,Pavel Ľupták,https://www.nrsr.sk/web/dynamic/PoslanecPhoto.aspx?PoslanecID=1152&ImageWidth=140,"[{""scheme"": ""nrsr"", ""identifier"": ""1152""}]","[{""url"": ""https://www.nrsr.sk/web/Default.aspx?sid=poslanci/poslanec&PoslanecID=1152""}]","{""parliament"": [{""id"": ""nrsr:org:13"", ""name"": ""Národná rada Slovenskej republiky"", ""start_date"": ""2023-10-25"", ""end_date"": """"}], ""groups"": [{""id"": ""nrsr:org:club:10"", ""name"": ""Klub SNS"", ""start_date"": ""2023-10-25"", ""end_date"": """"}]}"
nrsr:person:1204,Jaroslav,Mego,Jaroslav Mego,https://www.nrsr.sk/web/dynamic/PoslanecPhoto.aspx?PoslanecID=1204&ImageWidth=140,"[{""scheme"": ""nrsr"", ""identifier"": ""1204""}]","[{""url"": ""https://www.nrsr.sk/web/Default.aspx?sid=poslanci/poslanec&PoslanecID=1204""}]","{""parliament"": [{""id"": ""nrsr:org:13"", ""name"": ""Národná rada Slovenskej republiky"", ""start_date"": ""2023-10-25"", ""end_date"": """"}], ""groups"": [{""id"": ""nrsr:org:club:8"", ""name"": ""Klub SMER - SD"", ""start_date"": ""2023-10-25"", ""end_date"": """"}]}"
nrsr:person:1176,Erik,Vlček,Erik Vlček,https://www.nrsr.sk/web/dynamic/PoslanecPhoto.aspx?PoslanecID=1176&ImageWidth=140,"[{""scheme"": ""nrsr"", ""identifier"": ""1176""}]","[{""url"": ""https://www.nrsr.sk/web/Default.aspx?sid=poslanci/poslanec&PoslanecID=1176""}]","{""parliament"": [{""id"": ""nrsr:org:13"", ""name"": ""Národná rada Slovenskej republiky"", ""start_date"": ""2023-10-25"", ""end_date"": """"}], ""groups"": [{""id"": ""nrsr:org:club:1"", ""name"": ""Klub HLAS - SD"", ""start_date"": ""2023-10-25"", ""end_date"": """"}]}"
nrsr:person:1220,Miroslav,Radačovský,Miroslav Radačovský,https://www.nrsr.sk/web/dynamic/PoslanecPhoto.aspx?PoslanecID=1220&ImageWidth=140,"[{""scheme"": ""nrsr"", ""identifier"": ""1220""}]","[{""url"": ""https://www.nrsr.sk/web/Default.aspx?sid=poslanci/poslanec&PoslanecID=1220""}]","{""parliament"": [{""id"": ""nrsr:org:13"", ""name"": ""Národná rada Slovenskej republiky"", ""start_date"": ""2023-10-25"", ""end_date"": """"}]}"
nrsr:person:907,Marek,Krajčí,Marek Krajčí,https://www.nrsr.sk/web/dynamic/PoslanecPhoto.aspx?PoslanecID=907&ImageWidth=140,"[{""scheme"": ""nrsr"", ""identifier"": ""907""}]","[{""url"": ""https://www.nrsr.sk/web/Default.aspx?sid=poslanci/poslanec&PoslanecID=907""}]","{""parliament"": [{""id"": ""nrsr:org:13"", ""name"": ""Národná rada Slovenskej republiky"", ""start_date"": ""2023-10-25"", ""end_date"": """"}], ""groups"": [{""id"": ""nrsr:org:club:6"", ""name"": ""Klub SLOVENSKO"", ""start_date"": ""2023-10-25"", ""end_date"": """"}]}"
nrsr:person:1147,Tomáš,Szalay,Tomáš Szalay,https://www.nrsr.sk/web/dynamic/PoslanecPhoto.aspx?PoslanecID=1147&ImageWidth=140,"[{""scheme"": ""nrsr"", ""identifier"": ""1147""}]","[{""url"": ""https://www.nrsr.sk/web/Default.aspx?sid=poslanci/poslanec&PoslanecID=1147""}]","{""parliament"": [{""id"": ""nrsr:org:13"", ""name"": ""Národná rada Slovenskej republiky"", ""start_date"": ""2023-10-25"", ""end_date"": """"}], ""groups"": [{""id"": ""nrsr:org:club:11"", ""name"": ""Klub SaS"", ""start_date"": ""2023-10-25"", ""end_date"": """"}]}"
nrsr:person:1042,Vladimíra,Marcinková,Vladimíra Marcinková,https://www.nrsr.sk/web/dynamic/PoslanecPhoto.aspx?PoslanecID=1042&ImageWidth=140,"[{""scheme"": ""nrsr"", ""identifier"": ""1042""}]","[{""url"": ""https://www.nrsr.sk/web/Default.aspx?sid=poslanci/poslanec&PoslanecID=1042""}]","{""parliament"": [{""id"": ""nrsr:org:13"", ""name"": ""Národná rada Slovenskej republiky"", ""start_date"": ""2023-10-25"", ""end_date"": """"}], ""groups"": [{""id"": ""nrsr:org:club:11"", ""name"": ""Klub SaS"", ""start_date"": ""2023-10-25"", ""end_date"": """"}]}"
nrsr:person:1195,Jozef,Cech,Jozef Cech,https://www.nrsr.sk/web/dynamic/PoslanecPhoto.aspx?PoslanecID=1195&ImageWidth=140,"[{""scheme"": ""nrsr"", ""identifier"": ""1195""}]","[{""url"": ""https://www.nrsr.sk/web/Default.aspx?sid=poslanci/poslanec&PoslanecID=1195""}]","{""parliament"": [{""id"": ""nrsr:org:13"", ""name"": ""Národná rada Slovenskej republiky"", ""start_date"": ""2023-10-25"", ""end_date"": """"}], ""groups"": [{""id"": ""nrsr:org:club:1"", ""name"": ""Klub HLAS - SD"", ""start_date"": ""2023-10-25"", ""end_date"": """"}]}"
nrsr:person:1170,Peter,Kalivoda,Peter Kalivoda,https://www.nrsr.sk/web/dynamic/PoslanecPhoto.aspx?PoslanecID=1170&ImageWidth=140,"[{""scheme"": ""nrsr"", ""identifier"": ""1170""}]","[{""url"": ""https://www.nrsr.sk/web/Default.aspx?sid=poslanci/poslanec&PoslanecID=1170""}]","{""parliament"": [{""id"": ""nrsr:org:13"", ""name"": ""Národná rada Slovenskej republiky"", ""start_date"": ""2023-10-25"", ""end_date"": """"}], ""groups"": [{""id"": ""nrsr:org:club:1"", ""name"": ""Klub HLAS - SD"", ""start_date"": ""2023-10-25"", ""end_date"": """"}]}"
nrsr:person:1127,Ivan,Štefunko,Ivan Štefunko,https://www.nrsr.sk/web/dynamic/PoslanecPhoto.aspx?PoslanecID=1127&ImageWidth=140,"[{""scheme"": ""nrsr"", ""identifier"": ""1127""}]","[{""url"": ""https://www.nrsr.sk/web/Default.aspx?sid=poslanci/poslanec&PoslanecID=1127""}]","{""parliament"": [{""id"": ""nrsr:org:13"", ""name"": ""Národná rada Slovenskej republiky"", ""start_date"": ""2023-10-25"", ""end_date"": """"}], ""groups"": [{""id"": ""nrsr:org:club:4"", ""name"": ""Klub PS"", ""start_date"": ""2023-10-25"", ""end_date"": """"}]}"
nrsr:person:1205,Michal,Kapuš,Michal Kapuš,https://www.nrsr.sk/web/dynamic/PoslanecPhoto.aspx?PoslanecID=1205&ImageWidth=140,"[{""scheme"": ""nrsr"", ""identifier"": ""1205""}]","[{""url"": ""https://www.nrsr.sk/web/Default.aspx?sid=poslanci/poslanec&PoslanecID=1205""}]","{""parliament"": [{""id"": ""nrsr:org:13"", ""name"": ""Národná rada Slovenskej republiky"", ""start_date"": ""2023-10-25"", ""end_date"": """"}], ""groups"": [{""id"": ""nrsr:org:club:8"", ""name"": ""Klub SMER - SD"", ""start_date"": ""2023-10-25"", ""end_date"": """"}]}"
nrsr:person:1023,Peter,Kmec,Peter Kmec,https://www.nrsr.sk/web/dynamic/PoslanecPhoto.aspx?PoslanecID=1023&ImageWidth=140,"[{""scheme"": ""nrsr"", ""identifier"": ""1023""}]","[{""url"": ""https://www.nrsr.sk/web/Default.aspx?sid=poslanci/poslanec&PoslanecID=1023""}]","{""parliament"": [{""id"": ""nrsr:org:13"", ""name"": ""Národná rada Slovenskej republiky"", ""start_date"": ""2023-10-25"", ""end_date"": """"}], ""groups"": [{""id"": ""nrsr:org:club:1"", ""name"": ""Klub HLAS - SD"", ""start_date"": ""2023-10-25"", ""end_date"": """"}]}"
nrsr:person:1115,Michal,Truban,Michal Truban,https://www.nrsr.sk/web/dynamic/PoslanecPhoto.aspx?PoslanecID=1115&ImageWidth=140,"[{""scheme"": ""nrsr"", ""identifier"": ""1115""}]","[{""url"": ""https://www.nrsr.sk/web/Default.aspx?sid=poslanci/poslanec&PoslanecID=1115""}]","{""parliament"": [{""id"": ""nrsr:org:13"", ""name"": ""Národná rada Slovenskej republiky"", ""start_date"": ""2023-10-25"", ""end_date"": """"}], ""groups"": [{""id"": ""nrsr:org:club:4"", ""name"": ""Klub PS"", ""start_date"": ""2023-10-25"", ""end_date"": """"}]}"
nrsr:person:997,Ján,Blcháč,Ján Blcháč,https://www.nrsr.sk/web/dynamic/PoslanecPhoto.aspx?PoslanecID=997&ImageWidth=140,"[{""scheme"": ""nrsr"", ""identifier"": ""997""}]","[{""url"": ""https://www.nrsr.sk/web/Default.aspx?sid=poslanci/poslanec&PoslanecID=997""}]","{""parliament"": [{""id"": ""nrsr:org:13"", ""name"": ""Národná rada Slovenskej republiky"", ""start_date"": ""2023-10-25"", ""end_date"": """"}], ""groups"": [{""id"": ""nrsr:org:club:1"", ""name"": ""Klub HLAS - SD"", ""start_date"": ""2023-10-25"", ""end_date"": """"}]}"
nrsr:person:1187,Branislav,Becík,Branislav Becík,https://www.nrsr.sk/web/dynamic/PoslanecPhoto.aspx?PoslanecID=1187&ImageWidth=140,"[{""scheme"": ""nrsr"", ""identifier"": ""1187""}]","[{""url"": ""https://www.nrsr.sk/web/Default.aspx?sid=poslanci/poslanec&PoslanecID=1187""}]","{""parliament"": [{""id"": ""nrsr:org:13"", ""name"": ""Národná rada Slovenskej republiky"", ""start_date"": ""2023-10-25"", ""end_date"": """"}], ""groups"": [{""id"": ""nrsr:org:club:1"", ""name"": ""Klub HLAS - SD"", ""start_date"": ""2023-10-25"", ""end_date"": """"}]}"
nrsr:person:1206,Peter,Sokol,Peter Sokol,https://www.nrsr.sk/web/dynamic/PoslanecPhoto.aspx?PoslanecID=1206&ImageWidth=140,"[{""scheme"": ""nrsr"", ""identifier"": ""1206""}]","[{""url"": ""https://www.nrsr.sk/web/Default.aspx?sid=poslanci/poslanec&PoslanecID=1206""}]","{""parliament"": [{""id"": ""nrsr:org:13"", ""name"": ""Národná rada Slovenskej republiky"", ""start_date"": ""2023-10-25"", ""end_date"": """"}], ""groups"": [{""id"": ""nrsr:org:club:8"", ""name"": ""Klub SMER - SD"", ""start_date"": ""2023-10-25"", ""end_date"": """"}]}"
nrsr:person:971,Branislav,Gröhling,Branislav Gröhling,https://www.nrsr.sk/web/dynamic/PoslanecPhoto.aspx?PoslanecID=971&ImageWidth=140,"[{""scheme"": ""nrsr"", ""identifier"": ""971""}]","[{""url"": ""https://www.nrsr.sk/web/Default.aspx?sid=poslanci/poslanec&PoslanecID=971""}]","{""parliament"": [{""id"": ""nrsr:org:13"", ""name"": ""Národná rada Slovenskej republiky"", ""start_date"": ""2023-10-25"", ""end_date"": """"}], ""groups"": [{""id"": ""nrsr:org:club:11"", ""name"": ""Klub SaS"", ""start_date"": ""2023-10-25"", ""end_date"": """"}]}"
nrsr:person:1194,Zuzana,Plevíková,Zuzana Plevíková,https://www.nrsr.sk/web/dynamic/PoslanecPhoto.aspx?PoslanecID=1194&ImageWidth=140,"[{""scheme"": ""nrsr"", ""identifier"": ""1194""}]","[{""url"": ""https://www.nrsr.sk/web/Default.aspx?sid=poslanci/poslanec&PoslanecID=1194""}]","{""parliament"": [{""id"": ""nrsr:org:13"", ""name"": ""Národná rada Slovenskej republiky"", ""start_date"": ""2023-10-25"", ""end_date"": """"}], ""groups"": [{""id"": ""nrsr:org:club:8"", ""name"": ""Klub SMER - SD"", ""start_date"": ""2023-10-25"", ""end_date"": """"}]}"
nrsr:person:1124,Ingrid,Kosová,Ingrid Kosová,https://www.nrsr.sk/web/dynamic/PoslanecPhoto.aspx?PoslanecID=1124&ImageWidth=140,"[{""scheme"": ""nrsr"", ""identifier"": ""1124""}]","[{""url"": ""https://www.nrsr.sk/web/Default.aspx?sid=poslanci/poslanec&PoslanecID=1124""}]","{""parliament"": [{""id"": ""nrsr:org:13"", ""name"": ""Národná rada Slovenskej republiky"", ""start_date"": ""2023-10-25"", ""end_date"": """"}], ""groups"": [{""id"": ""nrsr:org:club:4"", ""name"": ""Klub PS"", ""start_date"": ""2023-10-25"", ""end_date"": """"}]}"
nrsr:person:1151,Peter,Kotlár,Peter Kotlár,https://www.nrsr.sk/web/dynamic/PoslanecPhoto.aspx?PoslanecID=1151&ImageWidth=140,"[{""scheme"": ""nrsr"", ""identifier"": ""1151""}]","[{""url"": ""https://www.nrsr.sk/web/Default.aspx?sid=poslanci/poslanec&PoslanecID=1151""}]","{""parliament"": [{""id"": ""nrsr:org:13"", ""name"": ""Národná rada Slovenskej republiky"", ""start_date"": ""2023-10-25"", ""end_date"": """"}], ""groups"": [{""id"": ""nrsr:org:club:10"", ""name"": ""Klub SNS"", ""start_date"": ""2023-10-25"", ""end_date"": """"}]}"
nrsr:person:1208,Dis.,Puškárová,Dis. Puškárová,https://www.nrsr.sk/web/dynamic/PoslanecPhoto.aspx?PoslanecID=1208&ImageWidth=140,"[{""scheme"": ""nrsr"", ""identifier"": ""1208""}]","[{""url"": ""https://www.nrsr.sk/web/Default.aspx?sid=poslanci/poslanec&PoslanecID=1208""}]","{""parliament"": [{""id"": ""nrsr:org:13"", ""name"": ""Národná rada Slovenskej republiky"", ""start_date"": ""2023-10-25"", ""end_date"": """"}], ""groups"": [{""id"": ""nrsr:org:club:1"", ""name"": ""Klub HLAS - SD"", ""start_date"": ""2023-10-25"", ""end_date"": """"}]}"
nrsr:person:1211,Zdenka,Mačicová,Zdenka Mačicová,https://www.nrsr.sk/web/dynamic/PoslanecPhoto.aspx?PoslanecID=1211&ImageWidth=140,"[{""scheme"": ""nrsr"", ""identifier"": ""1211""}]","[{""url"": ""https://www.nrsr.sk/web/Default.aspx?sid=poslanci/poslanec&PoslanecID=1211""}]","{""parliament"": [{""id"": ""nrsr:org:13"", ""name"": ""Národná rada Slovenskej republiky"", ""start_date"": ""2023-10-25"", ""end_date"": """"}], ""groups"": [{""id"": ""nrsr:org:club:1"", ""name"": ""Klub HLAS - SD"", ""start_date"": ""2023-10-25"", ""end_date"": """"}]}"
nrsr:person:1173,Roman,Malatinec,Roman Malatinec,https://www.nrsr.sk/web/dynamic/PoslanecPhoto.aspx?PoslanecID=1173&ImageWidth=140,"[{""scheme"": ""nrsr"", ""identifier"": ""1173""}]","[{""url"": ""https://www.nrsr.sk/web/Default.aspx?sid=poslanci/poslanec&PoslanecID=1173""}]","{""parliament"": [{""id"": ""nrsr:org:13"", ""name"": ""Národná rada Slovenskej republiky"", ""start_date"": ""2023-10-25"", ""end_date"": """"}], ""groups"": [{""id"": ""nrsr:org:club:1"", ""name"": ""Klub HLAS - SD"", ""start_date"": ""2023-10-25"", ""end_date"": """"}]}"
nrsr:person:976,Jana,Cigániková,Jana Cigániková,https://www.nrsr.sk/web/dynamic/PoslanecPhoto.aspx?PoslanecID=976&ImageWidth=140,"[{""scheme"": ""nrsr"", ""identifier"": ""976""}]","[{""url"": ""https://www.nrsr.sk/web/Default.aspx?sid=poslanci/poslanec&PoslanecID=976""}]","{""parliament"": [{""id"": ""nrsr:org:13"", ""name"": ""Národná rada Slovenskej republiky"", ""start_date"": ""2023-10-25"", ""end_date"": """"}], ""groups"": [{""id"": ""nrsr:org:club:11"", ""name"": ""Klub SaS"", ""start_date"": ""2023-10-25"", ""end_date"": """"}]}"
nrsr:person:1156,Ján,Mažgút,Ján Mažgút,https://www.nrsr.sk/web/dynamic/PoslanecPhoto.aspx?PoslanecID=1156&ImageWidth=140,"[{""scheme"": ""nrsr"", ""identifier"": ""1156""}]","[{""url"": ""https://www.nrsr.sk/web/Default.aspx?sid=poslanci/poslanec&PoslanecID=1156""}]","{""parliament"": [{""id"": ""nrsr:org:13"", ""name"": ""Národná rada Slovenskej republiky"", ""start_date"": ""2023-10-25"", ""end_date"": """"}], ""groups"": [{""id"": ""nrsr:org:club:8"", ""name"": ""Klub SMER - SD"", ""start_date"": ""2023-10-25"", ""end_date"": """"}]}"
nrsr:person:1192,Ivan,Hazucha,Ivan Hazucha,https://www.nrsr.sk/web/dynamic/PoslanecPhoto.aspx?PoslanecID=1192&ImageWidth=140,"[{""scheme"": ""nrsr"", ""identifier"": ""1192""}]","[{""url"": ""https://www.nrsr.sk/web/Default.aspx?sid=poslanci/poslanec&PoslanecID=1192""}]","{""parliament"": [{""id"": ""nrsr:org:13"", ""name"": ""Národná rada Slovenskej republiky"", ""start_date"": ""2023-10-25"", ""end_date"": """"}], ""groups"": [{""id"": ""nrsr:org:club:8"", ""name"": ""Klub SMER - SD"", ""start_date"": ""2023-10-25"", ""end_date"": """"}]}"
nrsr:person:874,Augustín,Hambálek,Augustín Hambálek,https://www.nrsr.sk/web/dynamic/PoslanecPhoto.aspx?PoslanecID=874&ImageWidth=140,"[{""scheme"": ""nrsr"", ""identifier"": ""874""}]","[{""url"": ""https://www.nrsr.sk/web/Default.aspx?sid=poslanci/poslanec&PoslanecID=874""}]","{""parliament"": [{""id"": ""nrsr:org:13"", ""name"": ""Národná rada Slovenskej republiky"", ""start_date"": ""2023-10-25"", ""end_date"": """"}], ""groups"": [{""id"": ""nrsr:org:club:8"", ""name"": ""Klub SMER - SD"", ""start_date"": ""2023-10-25"", ""end_date"": """"}]}"
nrsr:person:1128,et,Jurík,et Jurík,https://www.nrsr.sk/web/dynamic/PoslanecPhoto.aspx?PoslanecID=1128&ImageWidth=140,"[{""scheme"": ""nrsr"", ""identifier"": ""1128""}]","[{""url"": ""https://www.nrsr.sk/web/Default.aspx?sid=poslanci/poslanec&PoslanecID=1128""}]","{""parliament"": [{""id"": ""nrsr:org:13"", ""name"": ""Národná rada Slovenskej republiky"", ""start_date"": ""2023-10-25"", ""end_date"": """"}], ""groups"": [{""id"": ""nrsr:org:club:4"", ""name"": ""Klub PS"", ""start_date"": ""2023-10-25"", ""end_date"": """"}]}"
nrsr:person:879,Róbert,Puci,Róbert Puci,https://www.nrsr.sk/web/dynamic/PoslanecPhoto.aspx?PoslanecID=879&ImageWidth=140,"[{""scheme"": ""nrsr"", ""identifier"": ""879""}]","[{""url"": ""https://www.nrsr.sk/web/Default.aspx?sid=poslanci/poslanec&PoslanecID=879""}]","{""parliament"": [{""id"": ""nrsr:org:13"", ""name"": ""Národná rada Slovenskej republiky"", ""start_date"": ""2023-10-25"", ""end_date"": """"}], ""groups"": [{""id"": ""nrsr:org:club:1"", ""name"": ""Klub HLAS - SD"", ""start_date"": ""2023-10-25"", ""end_date"": """"}]}"
nrsr:person:1199,Adam,Lučanský,Adam Lučanský,https://www.nrsr.sk/web/dynamic/PoslanecPhoto.aspx?PoslanecID=1199&ImageWidth=140,"[{""scheme"": ""nrsr"", ""identifier"": ""1199""}]","[{""url"": ""https://www.nrsr.sk/web/Default.aspx?sid=poslanci/poslanec&PoslanecID=1199""}]","{""parliament"": [{""id"": ""nrsr:org:13"", ""name"": ""Národná rada Slovenskej republiky"", ""start_date"": ""2023-10-25"", ""end_date"": """"}], ""groups"": [{""id"": ""nrsr:org:club:10"", ""name"": ""Klub SNS"", ""start_date"": ""2023-10-25"", ""end_date"": """"}]}"
nrsr:person:1210,Dagmar,Kramplová,Dagmar Kramplová,https://www.nrsr.sk/web/dynamic/PoslanecPhoto.aspx?PoslanecID=1210&ImageWidth=140,"[{""scheme"": ""nrsr"", ""identifier"": ""1210""}]","[{""url"": ""https://www.nrsr.sk/web/Default.aspx?sid=poslanci/poslanec&PoslanecID=1210""}]","{""parliament"": [{""id"": ""nrsr:org:13"", ""name"": ""Národná rada Slovenskej republiky"", ""start_date"": ""2023-10-25"", ""end_date"": """"}], ""groups"": [{""id"": ""nrsr:org:club:10"", ""name"": ""Klub SNS"", ""start_date"": ""2023-10-25"", ""end_date"": """"}]}"
nrsr:person:1140,Dávid,Dej,Dávid Dej,https://www.nrsr.sk/web/dynamic/PoslanecPhoto.aspx?PoslanecID=1140&ImageWidth=140,"[{""scheme"": ""nrsr"", ""identifier"": ""1140""}]","[{""url"": ""https://www.nrsr.sk/web/Default.aspx?sid=poslanci/poslanec&PoslanecID=1140""}]","{""parliament"": [{""id"": ""nrsr:org:13"", ""name"": ""Národná rada Slovenskej republiky"", ""start_date"": ""2023-10-25"", ""end_date"": """"}], ""groups"": [{""id"": ""nrsr:org:club:4"", ""name"": ""Klub PS"", ""start_date"": ""2023-10-25"", ""end_date"": """"}]}"
nrsr:person:1087,Zdenko,Svoboda,Zdenko Svoboda,https://www.nrsr.sk/web/dynamic/PoslanecPhoto.aspx?PoslanecID=1087&ImageWidth=140,"[{""scheme"": ""nrsr"", ""identifier"": ""1087""}]","[{""url"": ""https://www.nrsr.sk/web/Default.aspx?sid=poslanci/poslanec&PoslanecID=1087""}]","{""parliament"": [{""id"": ""nrsr:org:13"", ""name"": ""Národná rada Slovenskej republiky"", ""start_date"": ""2023-10-25"", ""end_date"": """"}], ""groups"": [{""id"": ""nrsr:org:club:1"", ""name"": ""Klub HLAS - SD"", ""start_date"": ""2023-10-25"", ""end_date"": """"}]}"
nrsr:person:1125,Štefan,Kišš,Štefan Kišš,https://www.nrsr.sk/web/dynamic/PoslanecPhoto.aspx?PoslanecID=1125&ImageWidth=140,"[{""scheme"": ""nrsr"", ""identifier"": ""1125""}]","[{""url"": ""https://www.nrsr.sk/web/Default.aspx?sid=poslanci/poslanec&PoslanecID=1125""}]","{""parliament"": [{""id"": ""nrsr:org:13"", ""name"": ""Národná rada Slovenskej republiky"", ""start_date"": ""2023-10-25"", ""end_date"": """"}], ""groups"": [{""id"": ""nrsr:org:club:4"", ""name"": ""Klub PS"", ""start_date"": ""2023-10-25"", ""end_date"": """"}]}"
nrsr:person:1135,Branislav,Vančo,Branislav Vančo,https://www.nrsr.sk/web/dynamic/PoslanecPhoto.aspx?PoslanecID=1135&ImageWidth=140,"[{""scheme"": ""nrsr"", ""identifier"": ""1135""}]","[{""url"": ""https://www.nrsr.sk/web/Default.aspx?sid=poslanci/poslanec&PoslanecID=1135""}]","{""parliament"": [{""id"": ""nrsr:org:13"", ""name"": ""Národná rada Slovenskej republiky"", ""start_date"": ""2023-10-25"", ""end_date"": """"}], ""groups"": [{""id"": ""nrsr:org:club:4"", ""name"": ""Klub PS"", ""start_date"": ""2023-10-25"", ""end_date"": """"}]}"
nrsr:person:1193,Igor,Válek,Igor Válek,https://www.nrsr.sk/web/dynamic/PoslanecPhoto.aspx?PoslanecID=1193&ImageWidth=140,"[{""scheme"": ""nrsr"", ""identifier"": ""1193""}]","[{""url"": ""https://www.nrsr.sk/web/Default.aspx?sid=poslanci/poslanec&PoslanecID=1193""}]","{""parliament"": [{""id"": ""nrsr:org:13"", ""name"": ""Národná rada Slovenskej republiky"", ""start_date"": ""2023-10-25"", ""end_date"": """"}], ""groups"": [{""id"": ""nrsr:org:club:8"", ""name"": ""Klub SMER - SD"", ""start_date"": ""2023-10-25"", ""end_date"": """"}]}"
nrsr:person:322,Dušan,Muňko,Dušan Muňko,https://www.nrsr.sk/web/dynamic/PoslanecPhoto.aspx?PoslanecID=322&ImageWidth=140,"[{""scheme"": ""nrsr"", ""identifier"": ""322""}]","[{""url"": ""https://www.nrsr.sk/web/Default.aspx?sid=poslanci/poslanec&PoslanecID=322""}]","{""parliament"": [{""id"": ""nrsr:org:13"", ""name"": ""Národná rada Slovenskej republiky"", ""start_date"": ""2023-10-25"", ""end_date"": """"}], ""groups"": [{""id"": ""nrsr:org:club:10"", ""name"": ""Klub SNS"", ""start_date"": ""2023-10-25"", ""end_date"": """"}]}"
